product_key,fis_item,cmdt_id,cmdt_se_cd,unit,인도월,거래일자,종가(USD/ton),전일대비,등락률(%),환산가($/ton)
white_sugar,White Sugar,0701000002011303,FOOD,USD/ton,2026.09,2026-07-31,461.6,상승 4.9,상승 1.07%,461.6
white_sugar,White Sugar,0701000002011303,FOOD,USD/ton,2026.09,2026-07-30,456.7,하락 1.7,하락 0.37%,456.7
white_sugar,White Sugar,0701000002011303,FOOD,USD/ton,2026.09,2026-07-29,458.4,상승 1.6,상승 0.35%,458.4
white_sugar,White Sugar,0701000002011303,FOOD,USD/ton,2026.09,2026-07-28,456.8,하락 1.6,하락 0.35%,456.8
white_sugar,White Sugar,0701000002011303,FOOD,USD/ton,2026.09,2026-07-27,458.4,하락 2.4,하락 0.52%,458.4
white_sugar,White Sugar,0701000002011303,FOOD,USD/ton,2026.09,2026-07-24,460.8,상승 1.0,상승 0.22%,460.8
white_sugar,White Sugar,0701000002011303,FOOD,USD/ton,2026.09,2026-07-23,459.8,하락 4.9,하락 1.05%,459.8
white_sugar,White Sugar,0701000002011303,FOOD,USD/ton,2026.09,2026-07-22,464.7,하락 4.6,하락 0.98%,464.7
white_sugar,White Sugar,0701000002011303,FOOD,USD/ton,2026.09,2026-07-21,469.3,상승 2.1,상승 0.45%,469.3
white_sugar,White Sugar,0701000002011303,FOOD,USD/ton,2026.09,2026-07-20,467.2,하락 2.7,하락 0.57%,467.2
white_sugar,White Sugar,0701000002011303,FOOD,USD/ton,2026.09,2026-07-17,469.9,상승 15.3,상승 3.37%,469.9
white_sugar,White Sugar,0701000002011303,FOOD,USD/ton,2026.09,2026-07-16,443.5,하락 5.7,하락 1.27%,443.5
white_sugar,White Sugar,0701000002011303,FOOD,USD/ton,2026.09,2026-07-15,449.2,하락 14.2,하락 3.06%,449.2
white_sugar,White Sugar,0701000002011303,FOOD,USD/ton,2026.09,2026-07-14,463.4,상승 0.3,상승 0.06%,463.4
white_sugar,White Sugar,0701000002011303,FOOD,USD/ton,2026.07,2026-07-13,463.1,하락 4.0,하락 0.86%,463.1
white_sugar,White Sugar,0701000002011303,FOOD,USD/ton,2026.07,2026-07-10,467.1,하락 11.5,하락 2.4%,467.1
white_sugar,White Sugar,0701000002011303,FOOD,USD/ton,2026.07,2026-07-09,478.6,하락 2.0,하락 0.42%,478.6
white_sugar,White Sugar,0701000002011303,FOOD,USD/ton,2026.07,2026-07-08,480.6,상승 4.7,상승 0.99%,480.6
white_sugar,White Sugar,0701000002011303,FOOD,USD/ton,2026.07,2026-07-07,475.9,하락 12.5,하락 2.56%,475.9
white_sugar,White Sugar,0701000002011303,FOOD,USD/ton,2026.07,2026-07-06,488.4,상승 3.0,상승 0.62%,488.4
white_sugar,White Sugar,0701000002011303,FOOD,USD/ton,2026.07,2026-07-03,485.4,상승 2.3,상승 0.48%,485.4
white_sugar,White Sugar,0701000002011303,FOOD,USD/ton,2026.07,2026-07-02,483.1,상승 0.2,상승 0.04%,483.1
white_sugar,White Sugar,0701000002011303,FOOD,USD/ton,2026.07,2026-07-01,482.9,상승 8.3,상승 1.75%,482.9
white_sugar,White Sugar,0701000002011303,FOOD,USD/ton,2026.07,2026-06-30,474.6,상승 1.0,상승 0.21%,474.6
white_sugar,White Sugar,0701000002011303,FOOD,USD/ton,2026.07,2026-06-29,473.6,상승 9.6,상승 2.07%,473.6
white_sugar,White Sugar,0701000002011303,FOOD,USD/ton,2026.07,2026-06-26,464.0,상승 19.3,상승 4.34%,464.0
white_sugar,White Sugar,0701000002011303,FOOD,USD/ton,2026.07,2026-06-25,444.7,하락 0.1,하락 0.02%,444.7
white_sugar,White Sugar,0701000002011303,FOOD,USD/ton,2026.07,2026-06-24,444.8,상승 3.7,상승 0.84%,444.8
white_sugar,White Sugar,0701000002011303,FOOD,USD/ton,2026.07,2026-06-23,441.1,상승 0.7,상승 0.16%,441.1
white_sugar,White Sugar,0701000002011303,FOOD,USD/ton,2026.07,2026-06-22,440.4,하락 0.4,하락 0.09%,440.4
white_sugar,White Sugar,0701000002011303,FOOD,USD/ton,2026.07,2026-06-19,440.8,하락 4.5,하락 1.01%,440.8
white_sugar,White Sugar,0701000002011303,FOOD,USD/ton,2026.07,2026-06-18,445.3,하락 6.9,하락 1.53%,445.3
white_sugar,White Sugar,0701000002011303,FOOD,USD/ton,2026.07,2026-06-17,452.2,상승 2.3,상승 0.51%,452.2
white_sugar,White Sugar,0701000002011303,FOOD,USD/ton,2026.07,2026-06-16,449.9,상승 7.5,상승 1.7%,449.9
white_sugar,White Sugar,0701000002011303,FOOD,USD/ton,2026.07,2026-06-15,442.4,하락 2.2,하락 0.49%,442.4
white_sugar,White Sugar,0701000002011303,FOOD,USD/ton,2026.07,2026-06-12,444.6,하락 1.7,하락 0.38%,444.6
white_sugar,White Sugar,0701000002011303,FOOD,USD/ton,2026.07,2026-06-11,446.3,상승 2.4,상승 0.54%,446.3
white_sugar,White Sugar,0701000002011303,FOOD,USD/ton,2026.07,2026-06-10,443.9,하락 1.1,하락 0.25%,443.9
white_sugar,White Sugar,0701000002011303,FOOD,USD/ton,2026.07,2026-06-09,445.0,하락 0.1,하락 0.02%,445.0
white_sugar,White Sugar,0701000002011303,FOOD,USD/ton,2026.07,2026-06-08,445.1,하락 1.8,하락 0.4%,445.1
white_sugar,White Sugar,0701000002011303,FOOD,USD/ton,2026.07,2026-06-05,446.9,하락 2.3,하락 0.51%,446.9
white_sugar,White Sugar,0701000002011303,FOOD,USD/ton,2026.07,2026-06-04,449.2,상승 4.4,상승 0.99%,449.2
white_sugar,White Sugar,0701000002011303,FOOD,USD/ton,2026.07,2026-06-03,444.8,하락 1.0,하락 0.22%,444.8
white_sugar,White Sugar,0701000002011303,FOOD,USD/ton,2026.07,2026-06-02,445.8,하락 4.2,하락 0.93%,445.8
white_sugar,White Sugar,0701000002011303,FOOD,USD/ton,2026.07,2026-06-01,450.0,상승 11.8,상승 2.69%,450.0
white_sugar,White Sugar,0701000002011303,FOOD,USD/ton,2026.07,2026-05-29,438.2,상승 12.5,상승 2.94%,438.2
white_sugar,White Sugar,0701000002011303,FOOD,USD/ton,2026.07,2026-05-28,425.7,하락 4.1,하락 0.95%,425.7
white_sugar,White Sugar,0701000002011303,FOOD,USD/ton,2026.07,2026-05-27,429.8,하락 7.1,하락 1.63%,429.8
white_sugar,White Sugar,0701000002011303,FOOD,USD/ton,2026.07,2026-05-26,436.9,하락 5.5,하락 1.24%,436.9
white_sugar,White Sugar,0701000002011303,FOOD,USD/ton,2026.07,2026-05-25,442.4,0.0,0.0%,442.4
white_sugar,White Sugar,0701000002011303,FOOD,USD/ton,2026.07,2026-05-22,442.4,하락 2.6,하락 0.58%,442.4
white_sugar,White Sugar,0701000002011303,FOOD,USD/ton,2026.07,2026-05-21,445.0,상승 4.0,상승 0.91%,445.0
white_sugar,White Sugar,0701000002011303,FOOD,USD/ton,2026.07,2026-05-20,441.0,0.0,0.0%,441.0
white_sugar,White Sugar,0701000002011303,FOOD,USD/ton,2026.07,2026-05-19,441.0,상승 4.5,상승 1.03%,441.0
white_sugar,White Sugar,0701000002011303,FOOD,USD/ton,2026.07,2026-05-18,436.5,하락 2.0,하락 0.46%,436.5
white_sugar,White Sugar,0701000002011303,FOOD,USD/ton,2026.07,2026-05-15,438.5,하락 4.4,하락 0.99%,438.5
white_sugar,White Sugar,0701000002011303,FOOD,USD/ton,2026.07,2026-05-14,442.9,하락 12.5,하락 2.74%,442.9
white_sugar,White Sugar,0701000002011303,FOOD,USD/ton,2026.07,2026-05-13,455.4,상승 13.7,상승 3.1%,455.4
white_sugar,White Sugar,0701000002011303,FOOD,USD/ton,2026.07,2026-05-12,441.7,상승 4.4,상승 1.01%,441.7
white_sugar,White Sugar,0701000002011303,FOOD,USD/ton,2026.07,2026-05-11,437.3,상승 5.3,상승 1.23%,437.3
white_sugar,White Sugar,0701000002011303,FOOD,USD/ton,2026.07,2026-05-08,432.0,상승 0.1,상승 0.02%,432.0
white_sugar,White Sugar,0701000002011303,FOOD,USD/ton,2026.07,2026-05-07,431.9,하락 5.3,하락 1.21%,431.9
white_sugar,White Sugar,0701000002011303,FOOD,USD/ton,2026.07,2026-05-06,437.2,하락 15.0,하락 3.32%,437.2
white_sugar,White Sugar,0701000002011303,FOOD,USD/ton,2026.07,2026-05-05,452.2,상승 5.7,상승 1.28%,452.2
white_sugar,White Sugar,0701000002011303,FOOD,USD/ton,2026.07,2026-05-04,446.5,0.0,0.0%,446.5
white_sugar,White Sugar,0701000002011303,FOOD,USD/ton,2026.07,2026-05-01,446.5,상승 7.6,상승 1.73%,446.5
white_sugar,White Sugar,0701000002011303,FOOD,USD/ton,2026.07,2026-04-30,438.9,하락 5.9,하락 1.33%,438.9
white_sugar,White Sugar,0701000002011303,FOOD,USD/ton,2026.07,2026-04-29,444.8,상승 11.9,상승 2.75%,444.8
white_sugar,White Sugar,0701000002011303,FOOD,USD/ton,2026.07,2026-04-28,432.9,상승 5.8,상승 1.36%,432.9
white_sugar,White Sugar,0701000002011303,FOOD,USD/ton,2026.07,2026-04-27,427.1,하락 8.2,하락 1.88%,427.1
white_sugar,White Sugar,0701000002011303,FOOD,USD/ton,2026.07,2026-04-24,435.3,상승 7.8,상승 1.82%,435.3
white_sugar,White Sugar,0701000002011303,FOOD,USD/ton,2026.07,2026-04-23,427.5,상승 3.8,상승 0.9%,427.5
white_sugar,White Sugar,0701000002011303,FOOD,USD/ton,2026.07,2026-04-22,423.7,상승 1.7,상승 0.4%,423.7
white_sugar,White Sugar,0701000002011303,FOOD,USD/ton,2026.07,2026-04-21,422.0,상승 4.4,상승 1.05%,422.0
white_sugar,White Sugar,0701000002011303,FOOD,USD/ton,2026.07,2026-04-20,417.6,상승 5.3,상승 1.29%,417.6
white_sugar,White Sugar,0701000002011303,FOOD,USD/ton,2026.07,2026-04-17,412.3,하락 6.0,하락 1.43%,412.3
white_sugar,White Sugar,0701000002011303,FOOD,USD/ton,2026.07,2026-04-16,418.3,상승 6.0,상승 1.46%,418.3
white_sugar,White Sugar,0701000002011303,FOOD,USD/ton,2026.04,2026-04-15,419.5,하락 4.7,하락 1.11%,419.5
white_sugar,White Sugar,0701000002011303,FOOD,USD/ton,2026.04,2026-04-14,424.2,상승 13.0,상승 3.16%,424.2
white_sugar,White Sugar,0701000002011303,FOOD,USD/ton,2026.04,2026-04-13,411.2,하락 1.1,하락 0.27%,411.2
white_sugar,White Sugar,0701000002011303,FOOD,USD/ton,2026.04,2026-04-10,412.3,하락 1.3,하락 0.31%,412.3
white_sugar,White Sugar,0701000002011303,FOOD,USD/ton,2026.04,2026-04-09,413.6,하락 8.7,하락 2.06%,413.6
white_sugar,White Sugar,0701000002011303,FOOD,USD/ton,2026.04,2026-04-08,422.3,하락 6.4,하락 1.49%,422.3
white_sugar,White Sugar,0701000002011303,FOOD,USD/ton,2026.04,2026-04-07,428.7,하락 7.0,하락 1.61%,428.7
white_sugar,White Sugar,0701000002011303,FOOD,USD/ton,2026.04,2026-04-06,435.7,0.0,0.0%,435.7
white_sugar,White Sugar,0701000002011303,FOOD,USD/ton,2026.04,2026-04-02,435.7,하락 6.4,하락 1.45%,435.7
white_sugar,White Sugar,0701000002011303,FOOD,USD/ton,2026.04,2026-04-01,442.1,하락 6.4,하락 1.43%,442.1
white_sugar,White Sugar,0701000002011303,FOOD,USD/ton,2026.04,2026-03-31,448.5,하락 3.8,하락 0.84%,448.5
white_sugar,White Sugar,0701000002011303,FOOD,USD/ton,2026.04,2026-03-30,452.3,하락 6.3,하락 1.37%,452.3
white_sugar,White Sugar,0701000002011303,FOOD,USD/ton,2026.04,2026-03-27,458.6,하락 1.0,하락 0.22%,458.6
white_sugar,White Sugar,0701000002011303,FOOD,USD/ton,2026.04,2026-03-26,459.6,상승 5.6,상승 1.23%,459.6
white_sugar,White Sugar,0701000002011303,FOOD,USD/ton,2026.04,2026-03-25,454.0,하락 8.6,하락 1.86%,454.0
white_sugar,White Sugar,0701000002011303,FOOD,USD/ton,2026.04,2026-03-24,462.6,상승 13.9,상승 3.1%,462.6
white_sugar,White Sugar,0701000002011303,FOOD,USD/ton,2026.04,2026-03-23,448.7,하락 2.7,하락 0.6%,448.7
white_sugar,White Sugar,0701000002011303,FOOD,USD/ton,2026.04,2026-03-20,451.4,상승 0.2,상승 0.04%,451.4
white_sugar,White Sugar,0701000002011303,FOOD,USD/ton,2026.04,2026-03-19,451.2,상승 13.8,상승 3.16%,451.2
white_sugar,White Sugar,0701000002011303,FOOD,USD/ton,2026.04,2026-03-18,437.4,상승 11.4,상승 2.68%,437.4
white_sugar,White Sugar,0701000002011303,FOOD,USD/ton,2026.04,2026-03-17,426.0,상승 12.3,상승 2.97%,426.0
white_sugar,White Sugar,0701000002011303,FOOD,USD/ton,2026.04,2026-03-16,413.7,하락 1.3,하락 0.31%,413.7
white_sugar,White Sugar,0701000002011303,FOOD,USD/ton,2026.04,2026-03-13,415.0,상승 0.7,상승 0.17%,415.0
white_sugar,White Sugar,0701000002011303,FOOD,USD/ton,2026.04,2026-03-12,414.3,상승 0.7,상승 0.17%,414.3
white_sugar,White Sugar,0701000002011303,FOOD,USD/ton,2026.04,2026-03-11,413.6,하락 4.8,하락 1.15%,413.6
white_sugar,White Sugar,0701000002011303,FOOD,USD/ton,2026.04,2026-03-10,418.4,하락 2.1,하락 0.5%,418.4
white_sugar,White Sugar,0701000002011303,FOOD,USD/ton,2026.04,2026-03-09,420.5,상승 6.0,상승 1.45%,420.5
white_sugar,White Sugar,0701000002011303,FOOD,USD/ton,2026.04,2026-03-06,414.5,상승 8.0,상승 1.97%,414.5
white_sugar,White Sugar,0701000002011303,FOOD,USD/ton,2026.04,2026-03-05,406.5,하락 2.8,하락 0.68%,406.5
white_sugar,White Sugar,0701000002011303,FOOD,USD/ton,2026.04,2026-03-04,409.3,하락 5.1,하락 1.23%,409.3
white_sugar,White Sugar,0701000002011303,FOOD,USD/ton,2026.04,2026-03-03,414.4,상승 0.8,상승 0.19%,414.4
white_sugar,White Sugar,0701000002011303,FOOD,USD/ton,2026.04,2026-03-02,413.6,상승 5.9,상승 1.45%,413.6
white_sugar,White Sugar,0701000002011303,FOOD,USD/ton,2026.04,2026-02-27,407.7,하락 0.2,하락 0.05%,407.7
white_sugar,White Sugar,0701000002011303,FOOD,USD/ton,2026.04,2026-02-26,407.9,상승 0.8,상승 0.2%,407.9
white_sugar,White Sugar,0701000002011303,FOOD,USD/ton,2026.04,2026-02-25,407.1,하락 0.1,하락 0.02%,407.1
white_sugar,White Sugar,0701000002011303,FOOD,USD/ton,2026.04,2026-02-24,407.2,하락 1.0,하락 0.24%,407.2
white_sugar,White Sugar,0701000002011303,FOOD,USD/ton,2026.04,2026-02-23,408.2,상승 1.6,상승 0.39%,408.2
white_sugar,White Sugar,0701000002011303,FOOD,USD/ton,2026.04,2026-02-20,406.6,상승 3.3,상승 0.82%,406.6
white_sugar,White Sugar,0701000002011303,FOOD,USD/ton,2026.04,2026-02-19,403.3,하락 4.6,하락 1.13%,403.3
white_sugar,White Sugar,0701000002011303,FOOD,USD/ton,2026.04,2026-02-18,407.9,상승 5.4,상승 1.34%,407.9
white_sugar,White Sugar,0701000002011303,FOOD,USD/ton,2026.04,2026-02-17,402.5,하락 3.5,하락 0.86%,402.5
white_sugar,White Sugar,0701000002011303,FOOD,USD/ton,2026.04,2026-02-16,406.0,상승 8.9,상승 2.24%,406.0
white_sugar,White Sugar,0701000002011303,FOOD,USD/ton,2026.02,2026-02-13,397.1,상승 21.0,상승 5.58%,397.1
white_sugar,White Sugar,0701000002011303,FOOD,USD/ton,2026.02,2026-02-12,376.1,하락 11.1,하락 2.87%,376.1
white_sugar,White Sugar,0701000002011303,FOOD,USD/ton,2026.02,2026-02-11,387.2,하락 10.9,하락 2.74%,387.2
white_sugar,White Sugar,0701000002011303,FOOD,USD/ton,2026.02,2026-02-10,398.1,하락 7.3,하락 1.8%,398.1
white_sugar,White Sugar,0701000002011303,FOOD,USD/ton,2026.02,2026-02-09,405.4,상승 1.0,상승 0.25%,405.4
white_sugar,White Sugar,0701000002011303,FOOD,USD/ton,2026.02,2026-02-06,404.4,하락 3.5,하락 0.86%,404.4
white_sugar,White Sugar,0701000002011303,FOOD,USD/ton,2026.02,2026-02-05,407.9,하락 3.9,하락 0.95%,407.9
white_sugar,White Sugar,0701000002011303,FOOD,USD/ton,2026.02,2026-02-04,411.8,하락 5.8,하락 1.39%,411.8
white_sugar,White Sugar,0701000002011303,FOOD,USD/ton,2026.02,2026-02-03,417.6,상승 12.4,상승 3.06%,417.6
white_sugar,White Sugar,0701000002011303,FOOD,USD/ton,2026.02,2026-02-02,405.2,상승 0.1,상승 0.02%,405.2
white_sugar,White Sugar,0701000002011303,FOOD,USD/ton,2026.02,2026-01-30,405.1,하락 7.1,하락 1.72%,405.1
white_sugar,White Sugar,0701000002011303,FOOD,USD/ton,2026.02,2026-01-29,412.2,0.0,0.0%,412.2
white_sugar,White Sugar,0701000002011303,FOOD,USD/ton,2026.02,2026-01-28,412.2,하락 1.0,하락 0.24%,412.2
white_sugar,White Sugar,0701000002011303,FOOD,USD/ton,2026.02,2026-01-27,413.2,하락 1.0,하락 0.24%,413.2
white_sugar,White Sugar,0701000002011303,FOOD,USD/ton,2026.02,2026-01-26,414.2,하락 4.7,하락 1.12%,414.2
white_sugar,White Sugar,0701000002011303,FOOD,USD/ton,2026.02,2026-01-23,418.9,하락 7.0,하락 1.64%,418.9
white_sugar,White Sugar,0701000002011303,FOOD,USD/ton,2026.02,2026-01-22,425.9,상승 4.8,상승 1.14%,425.9
white_sugar,White Sugar,0701000002011303,FOOD,USD/ton,2026.02,2026-01-21,421.1,하락 1.4,하락 0.33%,421.1
white_sugar,White Sugar,0701000002011303,FOOD,USD/ton,2026.02,2026-01-20,422.5,하락 5.3,하락 1.24%,422.5
white_sugar,White Sugar,0701000002011303,FOOD,USD/ton,2026.02,2026-01-19,427.8,하락 0.6,하락 0.14%,427.8
white_sugar,White Sugar,0701000002011303,FOOD,USD/ton,2026.02,2026-01-16,428.4,상승 10.2,상승 2.44%,428.4
white_sugar,White Sugar,0701000002011303,FOOD,USD/ton,2026.02,2026-01-15,418.2,하락 2.7,하락 0.64%,418.2
white_sugar,White Sugar,0701000002011303,FOOD,USD/ton,2026.02,2026-01-14,420.9,하락 6.4,하락 1.5%,420.9
white_sugar,White Sugar,0701000002011303,FOOD,USD/ton,2026.02,2026-01-13,427.3,상승 3.9,상승 0.92%,427.3
white_sugar,White Sugar,0701000002011303,FOOD,USD/ton,2026.02,2026-01-12,423.4,하락 2.5,하락 0.59%,423.4
white_sugar,White Sugar,0701000002011303,FOOD,USD/ton,2026.02,2026-01-09,425.9,하락 2.0,하락 0.47%,425.9
white_sugar,White Sugar,0701000002011303,FOOD,USD/ton,2026.02,2026-01-08,427.9,상승 0.2,상승 0.05%,427.9
white_sugar,White Sugar,0701000002011303,FOOD,USD/ton,2026.02,2026-01-07,427.7,상승 4.1,상승 0.97%,427.7
white_sugar,White Sugar,0701000002011303,FOOD,USD/ton,2026.02,2026-01-06,423.6,상승 2.5,상승 0.59%,423.6
white_sugar,White Sugar,0701000002011303,FOOD,USD/ton,2026.02,2026-01-05,421.1,상승 2.5,상승 0.6%,421.1
white_sugar,White Sugar,0701000002011303,FOOD,USD/ton,2026.02,2026-01-02,418.6,하락 8.9,하락 2.08%,418.6
white_sugar,White Sugar,0701000002011303,FOOD,USD/ton,2026.02,2025-12-31,427.5,상승 1.5,상승 0.35%,427.5
white_sugar,White Sugar,0701000002011303,FOOD,USD/ton,2026.02,2025-12-30,426.0,하락 8.6,하락 1.98%,426.0
white_sugar,White Sugar,0701000002011303,FOOD,USD/ton,2026.02,2025-12-29,434.6,하락 0.6,하락 0.14%,434.6
white_sugar,White Sugar,0701000002011303,FOOD,USD/ton,2026.02,2025-12-26,435.2,0.0,0.0%,435.2
white_sugar,White Sugar,0701000002011303,FOOD,USD/ton,2026.02,2025-12-24,435.2,상승 3.3,상승 0.76%,435.2
white_sugar,White Sugar,0701000002011303,FOOD,USD/ton,2026.02,2025-12-23,431.9,상승 5.6,상승 1.31%,431.9
white_sugar,White Sugar,0701000002011303,FOOD,USD/ton,2026.02,2025-12-22,426.3,상승 0.8,상승 0.19%,426.3
white_sugar,White Sugar,0701000002011303,FOOD,USD/ton,2026.02,2025-12-19,425.5,상승 9.6,상승 2.31%,425.5
white_sugar,White Sugar,0701000002011303,FOOD,USD/ton,2026.02,2025-12-18,415.9,하락 6.4,하락 1.52%,415.9
white_sugar,White Sugar,0701000002011303,FOOD,USD/ton,2026.02,2025-12-17,422.3,하락 0.7,하락 0.17%,422.3
white_sugar,White Sugar,0701000002011303,FOOD,USD/ton,2026.02,2025-12-16,423.0,하락 3.4,하락 0.8%,423.0
white_sugar,White Sugar,0701000002011303,FOOD,USD/ton,2026.02,2025-12-15,426.4,하락 3.0,하락 0.7%,426.4
white_sugar,White Sugar,0701000002011303,FOOD,USD/ton,2026.02,2025-12-12,429.4,상승 5.2,상승 1.23%,429.4
white_sugar,White Sugar,0701000002011303,FOOD,USD/ton,2026.02,2025-12-11,424.2,하락 1.9,하락 0.45%,424.2
white_sugar,White Sugar,0701000002011303,FOOD,USD/ton,2026.02,2025-12-10,426.1,상승 7.3,상승 1.74%,426.1
white_sugar,White Sugar,0701000002011303,FOOD,USD/ton,2026.02,2025-12-09,418.8,하락 3.8,하락 0.9%,418.8
white_sugar,White Sugar,0701000002011303,FOOD,USD/ton,2026.02,2025-12-08,422.6,하락 3.0,하락 0.7%,422.6
white_sugar,White Sugar,0701000002011303,FOOD,USD/ton,2026.02,2025-12-05,425.6,상승 0.4,상승 0.09%,425.6
white_sugar,White Sugar,0701000002011303,FOOD,USD/ton,2026.02,2025-12-04,425.2,하락 1.0,하락 0.23%,425.2
white_sugar,White Sugar,0701000002011303,FOOD,USD/ton,2026.02,2025-12-03,426.2,하락 3.2,하락 0.75%,426.2
white_sugar,White Sugar,0701000002011303,FOOD,USD/ton,2026.02,2025-12-02,429.4,상승 8.3,상승 1.97%,429.4
white_sugar,White Sugar,0701000002011303,FOOD,USD/ton,2026.02,2025-12-01,421.1,하락 14.4,하락 3.31%,421.1
white_sugar,White Sugar,0701000002011303,FOOD,USD/ton,2026.02,2025-11-28,435.5,하락 1.0,하락 0.23%,435.5
white_sugar,White Sugar,0701000002011303,FOOD,USD/ton,2026.02,2025-11-27,436.5,상승 2.9,상승 0.67%,436.5
white_sugar,White Sugar,0701000002011303,FOOD,USD/ton,2026.02,2025-11-26,433.6,상승 5.7,상승 1.33%,433.6
white_sugar,White Sugar,0701000002011303,FOOD,USD/ton,2026.02,2025-11-25,427.9,상승 3.0,상승 0.71%,427.9
white_sugar,White Sugar,0701000002011303,FOOD,USD/ton,2026.02,2025-11-24,424.9,상승 0.8,상승 0.19%,424.9
white_sugar,White Sugar,0701000002011303,FOOD,USD/ton,2026.02,2025-11-21,424.1,상승 4.1,상승 0.98%,424.1
white_sugar,White Sugar,0701000002011303,FOOD,USD/ton,2026.02,2025-11-20,420.0,상승 0.1,상승 0.02%,420.0
white_sugar,White Sugar,0701000002011303,FOOD,USD/ton,2026.02,2025-11-19,419.9,하락 0.3,하락 0.07%,419.9
white_sugar,White Sugar,0701000002011303,FOOD,USD/ton,2026.02,2025-11-18,420.2,상승 2.1,상승 0.5%,420.2
white_sugar,White Sugar,0701000002011303,FOOD,USD/ton,2026.02,2025-11-17,418.1,하락 13.5,하락 3.13%,418.1
white_sugar,White Sugar,0701000002011303,FOOD,USD/ton,2025.11,2025-11-14,431.6,상승 9.3,상승 2.2%,431.6
white_sugar,White Sugar,0701000002011303,FOOD,USD/ton,2025.11,2025-11-13,422.3,상승 4.5,상승 1.08%,422.3
white_sugar,White Sugar,0701000002011303,FOOD,USD/ton,2025.11,2025-11-12,417.8,상승 9.9,상승 2.43%,417.8
white_sugar,White Sugar,0701000002011303,FOOD,USD/ton,2025.11,2025-11-11,407.9,하락 0.3,하락 0.07%,407.9
white_sugar,White Sugar,0701000002011303,FOOD,USD/ton,2025.11,2025-11-10,408.2,하락 1.4,하락 0.34%,408.2
white_sugar,White Sugar,0701000002011303,FOOD,USD/ton,2025.11,2025-11-07,409.6,하락 3.3,하락 0.8%,409.6
white_sugar,White Sugar,0701000002011303,FOOD,USD/ton,2025.11,2025-11-06,412.9,상승 0.2,상승 0.05%,412.9
white_sugar,White Sugar,0701000002011303,FOOD,USD/ton,2025.11,2025-11-05,412.7,하락 0.7,하락 0.17%,412.7
white_sugar,White Sugar,0701000002011303,FOOD,USD/ton,2025.11,2025-11-04,413.4,하락 9.9,하락 2.34%,413.4
white_sugar,White Sugar,0701000002011303,FOOD,USD/ton,2025.11,2025-11-03,423.3,상승 7.6,상승 1.83%,423.3
white_sugar,White Sugar,0701000002011303,FOOD,USD/ton,2025.11,2025-10-31,415.7,상승 1.7,상승 0.41%,415.7
white_sugar,White Sugar,0701000002011303,FOOD,USD/ton,2025.11,2025-10-30,414.0,하락 3.7,하락 0.89%,414.0
white_sugar,White Sugar,0701000002011303,FOOD,USD/ton,2025.11,2025-10-29,417.7,상승 0.6,상승 0.14%,417.7
white_sugar,White Sugar,0701000002011303,FOOD,USD/ton,2025.11,2025-10-28,417.1,하락 5.1,하락 1.21%,417.1
white_sugar,White Sugar,0701000002011303,FOOD,USD/ton,2025.11,2025-10-27,422.2,하락 9.1,하락 2.11%,422.2
white_sugar,White Sugar,0701000002011303,FOOD,USD/ton,2025.11,2025-10-24,431.3,하락 6.5,하락 1.48%,431.3
white_sugar,White Sugar,0701000002011303,FOOD,USD/ton,2025.11,2025-10-23,437.8,상승 3.3,상승 0.76%,437.8
white_sugar,White Sugar,0701000002011303,FOOD,USD/ton,2025.11,2025-10-22,434.5,상승 1.1,상승 0.25%,434.5
white_sugar,White Sugar,0701000002011303,FOOD,USD/ton,2025.11,2025-10-21,433.4,하락 13.5,하락 3.02%,433.4
white_sugar,White Sugar,0701000002011303,FOOD,USD/ton,2025.11,2025-10-20,446.9,상승 7.9,상승 1.8%,446.9
white_sugar,White Sugar,0701000002011303,FOOD,USD/ton,2025.11,2025-10-17,439.0,하락 1.6,하락 0.36%,439.0
white_sugar,White Sugar,0701000002011303,FOOD,USD/ton,2025.11,2025-10-16,440.6,상승 0.5,상승 0.11%,440.6
white_sugar,White Sugar,0701000002011303,FOOD,USD/ton,2025.11,2025-10-15,440.1,하락 10.7,하락 2.37%,440.1
white_sugar,White Sugar,0701000002011303,FOOD,USD/ton,2025.11,2025-10-14,450.8,상승 6.8,상승 1.53%,450.8
white_sugar,White Sugar,0701000002011303,FOOD,USD/ton,2025.11,2025-10-13,444.0,하락 6.4,하락 1.42%,444.0
white_sugar,White Sugar,0701000002011303,FOOD,USD/ton,2025.11,2025-10-10,450.4,하락 0.7,하락 0.16%,450.4
white_sugar,White Sugar,0701000002011303,FOOD,USD/ton,2025.11,2025-10-09,451.1,상승 0.4,상승 0.09%,451.1
white_sugar,White Sugar,0701000002011303,FOOD,USD/ton,2025.11,2025-10-08,450.7,하락 7.3,하락 1.59%,450.7
white_sugar,White Sugar,0701000002011303,FOOD,USD/ton,2025.11,2025-10-07,458.0,하락 6.4,하락 1.38%,458.0
white_sugar,White Sugar,0701000002011303,FOOD,USD/ton,2025.11,2025-10-06,464.4,상승 6.9,상승 1.51%,464.4
white_sugar,White Sugar,0701000002011303,FOOD,USD/ton,2025.11,2025-10-03,457.5,하락 1.2,하락 0.26%,457.5
white_sugar,White Sugar,0701000002011303,FOOD,USD/ton,2025.11,2025-10-02,458.7,상승 5.9,상승 1.3%,458.7
white_sugar,White Sugar,0701000002011303,FOOD,USD/ton,2025.11,2025-10-01,452.8,하락 15.5,하락 3.31%,452.8
white_sugar,White Sugar,0701000002011303,FOOD,USD/ton,2025.11,2025-09-30,468.3,상승 6.0,상승 1.3%,468.3
white_sugar,White Sugar,0701000002011303,FOOD,USD/ton,2025.11,2025-09-29,462.3,상승 1.3,상승 0.28%,462.3
white_sugar,White Sugar,0701000002011303,FOOD,USD/ton,2025.11,2025-09-26,461.0,하락 1.9,하락 0.41%,461.0
white_sugar,White Sugar,0701000002011303,FOOD,USD/ton,2025.11,2025-09-25,462.9,상승 4.2,상승 0.92%,462.9
white_sugar,White Sugar,0701000002011303,FOOD,USD/ton,2025.11,2025-09-24,458.7,하락 4.1,하락 0.89%,458.7
white_sugar,White Sugar,0701000002011303,FOOD,USD/ton,2025.11,2025-09-23,462.8,상승 11.8,상승 2.62%,462.8
white_sugar,White Sugar,0701000002011303,FOOD,USD/ton,2025.11,2025-09-22,451.0,하락 4.7,하락 1.03%,451.0
white_sugar,White Sugar,0701000002011303,FOOD,USD/ton,2025.11,2025-09-19,455.7,상승 1.1,상승 0.24%,455.7
white_sugar,White Sugar,0701000002011303,FOOD,USD/ton,2025.11,2025-09-18,454.6,하락 4.5,하락 0.98%,454.6
white_sugar,White Sugar,0701000002011303,FOOD,USD/ton,2025.11,2025-09-17,459.1,하락 6.7,하락 1.44%,459.1
white_sugar,White Sugar,0701000002011303,FOOD,USD/ton,2025.11,2025-09-16,465.8,하락 0.1,하락 0.02%,465.8
white_sugar,White Sugar,0701000002011303,FOOD,USD/ton,2025.09,2025-09-15,491.4,상승 6.2,상승 1.28%,491.4
white_sugar,White Sugar,0701000002011303,FOOD,USD/ton,2025.09,2025-09-12,485.2,하락 3.0,하락 0.61%,485.2
white_sugar,White Sugar,0701000002011303,FOOD,USD/ton,2025.09,2025-09-11,488.2,하락 1.7,하락 0.35%,488.2
white_sugar,White Sugar,0701000002011303,FOOD,USD/ton,2025.09,2025-09-10,489.9,상승 6.6,상승 1.37%,489.9
white_sugar,White Sugar,0701000002011303,FOOD,USD/ton,2025.09,2025-09-09,483.3,상승 3.6,상승 0.75%,483.3
white_sugar,White Sugar,0701000002011303,FOOD,USD/ton,2025.09,2025-09-08,479.7,상승 1.2,상승 0.25%,479.7
white_sugar,White Sugar,0701000002011303,FOOD,USD/ton,2025.09,2025-09-05,478.5,하락 3.7,하락 0.77%,478.5
white_sugar,White Sugar,0701000002011303,FOOD,USD/ton,2025.09,2025-09-04,482.2,하락 2.2,하락 0.45%,482.2
white_sugar,White Sugar,0701000002011303,FOOD,USD/ton,2025.09,2025-09-03,484.4,하락 6.6,하락 1.34%,484.4
white_sugar,White Sugar,0701000002011303,FOOD,USD/ton,2025.09,2025-09-02,491.0,하락 11.1,하락 2.21%,491.0
white_sugar,White Sugar,0701000002011303,FOOD,USD/ton,2025.09,2025-09-01,502.1,상승 9.4,상승 1.91%,502.1
white_sugar,White Sugar,0701000002011303,FOOD,USD/ton,2025.09,2025-08-29,492.7,하락 0.5,하락 0.1%,492.7
white_sugar,White Sugar,0701000002011303,FOOD,USD/ton,2025.09,2025-08-28,493.2,상승 4.8,상승 0.98%,493.2
white_sugar,White Sugar,0701000002011303,FOOD,USD/ton,2025.09,2025-08-27,488.4,상승 0.3,상승 0.06%,488.4
white_sugar,White Sugar,0701000002011303,FOOD,USD/ton,2025.09,2025-08-26,488.1,상승 1.4,상승 0.29%,488.1
white_sugar,White Sugar,0701000002011303,FOOD,USD/ton,2025.09,2025-08-25,486.7,0.0,0.0%,486.7
white_sugar,White Sugar,0701000002011303,FOOD,USD/ton,2025.09,2025-08-22,486.7,상승 4.1,상승 0.85%,486.7
white_sugar,White Sugar,0701000002011303,FOOD,USD/ton,2025.09,2025-08-21,482.6,하락 7.0,하락 1.43%,482.6
white_sugar,White Sugar,0701000002011303,FOOD,USD/ton,2025.09,2025-08-20,489.6,상승 11.8,상승 2.47%,489.6
white_sugar,White Sugar,0701000002011303,FOOD,USD/ton,2025.09,2025-08-19,477.8,상승 1.1,상승 0.23%,477.8
white_sugar,White Sugar,0701000002011303,FOOD,USD/ton,2025.09,2025-08-18,476.7,하락 4.5,하락 0.94%,476.7
white_sugar,White Sugar,0701000002011303,FOOD,USD/ton,2025.09,2025-08-15,481.2,하락 8.2,하락 1.68%,481.2
white_sugar,White Sugar,0701000002011303,FOOD,USD/ton,2025.09,2025-08-14,489.4,상승 2.2,상승 0.45%,489.4
white_sugar,White Sugar,0701000002011303,FOOD,USD/ton,2025.09,2025-08-13,487.2,상승 1.0,상승 0.21%,487.2
white_sugar,White Sugar,0701000002011303,FOOD,USD/ton,2025.09,2025-08-12,486.2,상승 11.3,상승 2.38%,486.2
white_sugar,White Sugar,0701000002011303,FOOD,USD/ton,2025.09,2025-08-11,474.9,상승 3.6,상승 0.76%,474.9
white_sugar,White Sugar,0701000002011303,FOOD,USD/ton,2025.09,2025-08-08,471.3,상승 8.8,상승 1.9%,471.3
white_sugar,White Sugar,0701000002011303,FOOD,USD/ton,2025.09,2025-08-07,462.5,상승 0.4,상승 0.09%,462.5
white_sugar,White Sugar,0701000002011303,FOOD,USD/ton,2025.09,2025-08-06,462.1,하락 1.5,하락 0.32%,462.1
white_sugar,White Sugar,0701000002011303,FOOD,USD/ton,2025.09,2025-08-05,463.6,하락 5.2,하락 1.11%,463.6
white_sugar,White Sugar,0701000002011303,FOOD,USD/ton,2025.09,2025-08-04,468.8,상승 3.8,상승 0.82%,468.8
white_sugar,White Sugar,0701000002011303,FOOD,USD/ton,2025.09,2025-08-01,465.0,하락 2.8,하락 0.6%,465.0
