product_key,fis_item,cmdt_id,cmdt_se_cd,unit,인도월,거래일자,종가(US￠/bu),전일대비,등락률(%),환산가($/ton)
wheat_srw,소맥(SRW),0601000002001103,CORN,US¢/bu,2026.09,2026-07-31,639.25,하락 24.25,하락 3.65%,234.88
wheat_srw,소맥(SRW),0601000002001103,CORN,US¢/bu,2026.09,2026-07-30,663.5,상승 2.75,상승 0.42%,243.79
wheat_srw,소맥(SRW),0601000002001103,CORN,US¢/bu,2026.09,2026-07-29,660.75,하락 1.75,하락 0.26%,242.78
wheat_srw,소맥(SRW),0601000002001103,CORN,US¢/bu,2026.09,2026-07-28,662.5,상승 2.5,상승 0.38%,243.43
wheat_srw,소맥(SRW),0601000002001103,CORN,US¢/bu,2026.09,2026-07-27,660.0,하락 18.0,하락 2.65%,242.51
wheat_srw,소맥(SRW),0601000002001103,CORN,US¢/bu,2026.09,2026-07-24,678.0,하락 18.25,하락 2.62%,249.12
wheat_srw,소맥(SRW),0601000002001103,CORN,US¢/bu,2026.09,2026-07-23,696.25,하락 9.5,하락 1.35%,255.83
wheat_srw,소맥(SRW),0601000002001103,CORN,US¢/bu,2026.09,2026-07-22,705.75,상승 27.75,상승 4.09%,259.32
wheat_srw,소맥(SRW),0601000002001103,CORN,US¢/bu,2026.09,2026-07-21,678.0,상승 4.0,상승 0.59%,249.12
wheat_srw,소맥(SRW),0601000002001103,CORN,US¢/bu,2026.09,2026-07-20,674.0,하락 8.75,하락 1.28%,247.65
wheat_srw,소맥(SRW),0601000002001103,CORN,US¢/bu,2026.09,2026-07-17,682.75,상승 8.0,상승 1.19%,250.87
wheat_srw,소맥(SRW),0601000002001103,CORN,US¢/bu,2026.09,2026-07-16,674.75,하락 2.75,하락 0.41%,247.93
wheat_srw,소맥(SRW),0601000002001103,CORN,US¢/bu,2026.09,2026-07-15,677.5,상승 32.5,상승 5.04%,248.94
wheat_srw,소맥(SRW),0601000002001103,CORN,US¢/bu,2026.09,2026-07-14,631.25,상승 4.25,상승 0.68%,231.94
wheat_srw,소맥(SRW),0601000002001103,CORN,US¢/bu,2026.07,2026-07-13,627.0,하락 5.0,하락 0.79%,230.38
wheat_srw,소맥(SRW),0601000002001103,CORN,US¢/bu,2026.07,2026-07-10,632.0,상승 20.75,상승 3.39%,232.22
wheat_srw,소맥(SRW),0601000002001103,CORN,US¢/bu,2026.07,2026-07-09,611.25,상승 11.75,상승 1.96%,224.6
wheat_srw,소맥(SRW),0601000002001103,CORN,US¢/bu,2026.07,2026-07-08,599.5,하락 9.75,하락 1.6%,220.28
wheat_srw,소맥(SRW),0601000002001103,CORN,US¢/bu,2026.07,2026-07-07,609.25,상승 3.25,상승 0.54%,223.86
wheat_srw,소맥(SRW),0601000002001103,CORN,US¢/bu,2026.07,2026-07-06,606.0,상승 15.5,상승 2.62%,222.67
wheat_srw,소맥(SRW),0601000002001103,CORN,US¢/bu,2026.07,2026-07-02,590.5,하락 1.5,하락 0.25%,216.97
wheat_srw,소맥(SRW),0601000002001103,CORN,US¢/bu,2026.07,2026-07-01,592.0,상승 11.25,상승 1.94%,217.52
wheat_srw,소맥(SRW),0601000002001103,CORN,US¢/bu,2026.07,2026-06-30,580.75,상승 11.25,상승 1.98%,213.39
wheat_srw,소맥(SRW),0601000002001103,CORN,US¢/bu,2026.07,2026-06-29,569.5,하락 8.75,하락 1.51%,209.26
wheat_srw,소맥(SRW),0601000002001103,CORN,US¢/bu,2026.07,2026-06-26,578.25,하락 12.75,하락 2.16%,212.47
wheat_srw,소맥(SRW),0601000002001103,CORN,US¢/bu,2026.07,2026-06-25,591.0,상승 5.25,상승 0.9%,217.16
wheat_srw,소맥(SRW),0601000002001103,CORN,US¢/bu,2026.07,2026-06-24,585.75,하락 1.0,하락 0.17%,215.23
wheat_srw,소맥(SRW),0601000002001103,CORN,US¢/bu,2026.07,2026-06-23,586.75,하락 10.75,하락 1.8%,215.59
wheat_srw,소맥(SRW),0601000002001103,CORN,US¢/bu,2026.07,2026-06-22,597.5,하락 8.25,하락 1.36%,219.54
wheat_srw,소맥(SRW),0601000002001103,CORN,US¢/bu,2026.07,2026-06-18,605.75,하락 7.0,하락 1.14%,222.57
wheat_srw,소맥(SRW),0601000002001103,CORN,US¢/bu,2026.07,2026-06-17,612.75,상승 16.75,상승 2.81%,225.15
wheat_srw,소맥(SRW),0601000002001103,CORN,US¢/bu,2026.07,2026-06-16,596.0,상승 6.25,상승 1.06%,218.99
wheat_srw,소맥(SRW),0601000002001103,CORN,US¢/bu,2026.07,2026-06-15,589.75,상승 5.25,상승 0.9%,216.7
wheat_srw,소맥(SRW),0601000002001103,CORN,US¢/bu,2026.07,2026-06-12,584.5,하락 2.25,하락 0.38%,214.77
wheat_srw,소맥(SRW),0601000002001103,CORN,US¢/bu,2026.07,2026-06-11,586.75,하락 0.75,하락 0.13%,215.59
wheat_srw,소맥(SRW),0601000002001103,CORN,US¢/bu,2026.07,2026-06-10,587.5,상승 2.25,상승 0.38%,215.87
wheat_srw,소맥(SRW),0601000002001103,CORN,US¢/bu,2026.07,2026-06-09,585.25,상승 2.0,상승 0.34%,215.04
wheat_srw,소맥(SRW),0601000002001103,CORN,US¢/bu,2026.07,2026-06-08,583.25,상승 3.25,상승 0.56%,214.31
wheat_srw,소맥(SRW),0601000002001103,CORN,US¢/bu,2026.07,2026-06-05,580.0,하락 1.75,하락 0.3%,213.11
wheat_srw,소맥(SRW),0601000002001103,CORN,US¢/bu,2026.07,2026-06-04,581.75,하락 5.5,하락 0.94%,213.76
wheat_srw,소맥(SRW),0601000002001103,CORN,US¢/bu,2026.07,2026-06-03,587.25,하락 15.75,하락 2.61%,215.78
wheat_srw,소맥(SRW),0601000002001103,CORN,US¢/bu,2026.07,2026-06-02,603.0,하락 5.75,하락 0.94%,221.56
wheat_srw,소맥(SRW),0601000002001103,CORN,US¢/bu,2026.07,2026-06-01,608.75,하락 1.75,하락 0.29%,223.68
wheat_srw,소맥(SRW),0601000002001103,CORN,US¢/bu,2026.07,2026-05-29,610.5,하락 13.5,하락 2.16%,224.32
wheat_srw,소맥(SRW),0601000002001103,CORN,US¢/bu,2026.07,2026-05-28,624.0,상승 1.5,상승 0.24%,229.28
wheat_srw,소맥(SRW),0601000002001103,CORN,US¢/bu,2026.07,2026-05-27,622.5,하락 13.0,하락 2.05%,228.73
wheat_srw,소맥(SRW),0601000002001103,CORN,US¢/bu,2026.07,2026-05-26,635.5,하락 10.75,하락 1.66%,233.51
wheat_srw,소맥(SRW),0601000002001103,CORN,US¢/bu,2026.07,2026-05-22,646.25,하락 1.25,하락 0.19%,237.46
wheat_srw,소맥(SRW),0601000002001103,CORN,US¢/bu,2026.07,2026-05-21,647.5,하락 13.0,하락 1.97%,237.92
wheat_srw,소맥(SRW),0601000002001103,CORN,US¢/bu,2026.07,2026-05-20,660.5,하락 6.75,하락 1.01%,242.69
wheat_srw,소맥(SRW),0601000002001103,CORN,US¢/bu,2026.07,2026-05-19,667.25,상승 2.75,상승 0.41%,245.17
wheat_srw,소맥(SRW),0601000002001103,CORN,US¢/bu,2026.07,2026-05-18,664.5,상승 28.75,상승 4.52%,244.16
wheat_srw,소맥(SRW),0601000002001103,CORN,US¢/bu,2026.07,2026-05-15,635.75,하락 22.25,하락 3.38%,233.6
wheat_srw,소맥(SRW),0601000002001103,CORN,US¢/bu,2026.05,2026-05-14,647.0,하락 18.0,하락 2.71%,237.73
wheat_srw,소맥(SRW),0601000002001103,CORN,US¢/bu,2026.05,2026-05-13,665.0,0.0,0.0%,244.35
wheat_srw,소맥(SRW),0601000002001103,CORN,US¢/bu,2026.05,2026-05-12,665.0,상승 42.75,상승 6.87%,244.35
wheat_srw,소맥(SRW),0601000002001103,CORN,US¢/bu,2026.05,2026-05-11,622.25,상승 14.75,상승 2.43%,228.64
wheat_srw,소맥(SRW),0601000002001103,CORN,US¢/bu,2026.05,2026-05-08,607.5,상승 5.75,상승 0.96%,223.22
wheat_srw,소맥(SRW),0601000002001103,CORN,US¢/bu,2026.05,2026-05-07,601.75,하락 4.25,하락 0.7%,221.11
wheat_srw,소맥(SRW),0601000002001103,CORN,US¢/bu,2026.05,2026-05-06,606.0,하락 10.5,하락 1.7%,222.67
wheat_srw,소맥(SRW),0601000002001103,CORN,US¢/bu,2026.05,2026-05-05,616.5,하락 13.0,하락 2.07%,226.52
wheat_srw,소맥(SRW),0601000002001103,CORN,US¢/bu,2026.05,2026-05-04,629.5,상승 5.0,상승 0.8%,231.3
wheat_srw,소맥(SRW),0601000002001103,CORN,US¢/bu,2026.05,2026-05-01,624.5,상승 0.75,상승 0.12%,229.46
wheat_srw,소맥(SRW),0601000002001103,CORN,US¢/bu,2026.05,2026-04-30,623.75,하락 18.5,하락 2.88%,229.19
wheat_srw,소맥(SRW),0601000002001103,CORN,US¢/bu,2026.05,2026-04-29,642.25,하락 6.75,하락 1.04%,235.99
wheat_srw,소맥(SRW),0601000002001103,CORN,US¢/bu,2026.05,2026-04-28,649.0,상승 27.5,상승 4.42%,238.47
wheat_srw,소맥(SRW),0601000002001103,CORN,US¢/bu,2026.05,2026-04-27,621.5,상승 13.25,상승 2.18%,228.36
wheat_srw,소맥(SRW),0601000002001103,CORN,US¢/bu,2026.05,2026-04-24,608.25,하락 2.5,하락 0.41%,223.49
wheat_srw,소맥(SRW),0601000002001103,CORN,US¢/bu,2026.05,2026-04-23,610.75,상승 11.5,상승 1.92%,224.41
wheat_srw,소맥(SRW),0601000002001103,CORN,US¢/bu,2026.05,2026-04-22,599.25,하락 5.75,하락 0.95%,220.19
wheat_srw,소맥(SRW),0601000002001103,CORN,US¢/bu,2026.05,2026-04-21,605.0,상승 8.0,상승 1.34%,222.3
wheat_srw,소맥(SRW),0601000002001103,CORN,US¢/bu,2026.05,2026-04-20,597.0,상승 5.75,상승 0.97%,219.36
wheat_srw,소맥(SRW),0601000002001103,CORN,US¢/bu,2026.05,2026-04-17,591.25,하락 7.25,하락 1.21%,217.25
wheat_srw,소맥(SRW),0601000002001103,CORN,US¢/bu,2026.05,2026-04-16,598.5,상승 4.75,상승 0.8%,219.91
wheat_srw,소맥(SRW),0601000002001103,CORN,US¢/bu,2026.05,2026-04-15,593.75,상승 1.75,상승 0.3%,218.17
wheat_srw,소맥(SRW),0601000002001103,CORN,US¢/bu,2026.05,2026-04-14,592.0,상승 9.75,상승 1.67%,217.52
wheat_srw,소맥(SRW),0601000002001103,CORN,US¢/bu,2026.05,2026-04-13,582.25,상승 11.25,상승 1.97%,213.94
wheat_srw,소맥(SRW),0601000002001103,CORN,US¢/bu,2026.05,2026-04-10,571.0,하락 3.5,하락 0.61%,209.81
wheat_srw,소맥(SRW),0601000002001103,CORN,US¢/bu,2026.05,2026-04-09,574.5,하락 5.75,하락 0.99%,211.09
wheat_srw,소맥(SRW),0601000002001103,CORN,US¢/bu,2026.05,2026-04-08,580.25,하락 17.75,하락 2.97%,213.21
wheat_srw,소맥(SRW),0601000002001103,CORN,US¢/bu,2026.05,2026-04-07,598.0,상승 2.75,상승 0.46%,219.73
wheat_srw,소맥(SRW),0601000002001103,CORN,US¢/bu,2026.05,2026-04-06,595.25,하락 3.0,하락 0.5%,218.72
wheat_srw,소맥(SRW),0601000002001103,CORN,US¢/bu,2026.05,2026-04-02,598.25,상승 0.75,상승 0.13%,219.82
wheat_srw,소맥(SRW),0601000002001103,CORN,US¢/bu,2026.05,2026-04-01,597.5,하락 18.75,하락 3.04%,219.54
wheat_srw,소맥(SRW),0601000002001103,CORN,US¢/bu,2026.05,2026-03-31,616.25,상승 9.25,상승 1.52%,226.43
wheat_srw,소맥(SRW),0601000002001103,CORN,US¢/bu,2026.05,2026-03-30,607.0,상승 2.0,상승 0.33%,223.03
wheat_srw,소맥(SRW),0601000002001103,CORN,US¢/bu,2026.05,2026-03-27,605.0,0.0,0.0%,222.3
wheat_srw,소맥(SRW),0601000002001103,CORN,US¢/bu,2026.05,2026-03-26,605.0,상승 7.25,상승 1.21%,222.3
wheat_srw,소맥(SRW),0601000002001103,CORN,US¢/bu,2026.05,2026-03-25,597.75,상승 7.75,상승 1.31%,219.64
wheat_srw,소맥(SRW),0601000002001103,CORN,US¢/bu,2026.05,2026-03-24,590.0,상승 2.25,상승 0.38%,216.79
wheat_srw,소맥(SRW),0601000002001103,CORN,US¢/bu,2026.05,2026-03-23,587.75,하락 7.5,하락 1.26%,215.96
wheat_srw,소맥(SRW),0601000002001103,CORN,US¢/bu,2026.05,2026-03-20,595.25,하락 12.75,하락 2.1%,218.72
wheat_srw,소맥(SRW),0601000002001103,CORN,US¢/bu,2026.05,2026-03-19,608.0,상승 3.75,상승 0.62%,223.4
wheat_srw,소맥(SRW),0601000002001103,CORN,US¢/bu,2026.05,2026-03-18,604.25,상승 14.5,상승 2.46%,222.02
wheat_srw,소맥(SRW),0601000002001103,CORN,US¢/bu,2026.05,2026-03-17,589.75,하락 7.5,하락 1.26%,216.7
wheat_srw,소맥(SRW),0601000002001103,CORN,US¢/bu,2026.05,2026-03-16,597.25,하락 21.25,하락 3.44%,219.45
wheat_srw,소맥(SRW),0601000002001103,CORN,US¢/bu,2026.03,2026-03-13,618.5,상승 26.25,상승 4.43%,227.26
wheat_srw,소맥(SRW),0601000002001103,CORN,US¢/bu,2026.03,2026-03-12,592.25,상승 3.75,상승 0.64%,217.61
wheat_srw,소맥(SRW),0601000002001103,CORN,US¢/bu,2026.03,2026-03-11,588.5,상승 3.75,상승 0.64%,216.24
wheat_srw,소맥(SRW),0601000002001103,CORN,US¢/bu,2026.03,2026-03-10,584.75,하락 13.25,하락 2.22%,214.86
wheat_srw,소맥(SRW),0601000002001103,CORN,US¢/bu,2026.03,2026-03-09,598.0,하락 13.25,하락 2.17%,219.73
wheat_srw,소맥(SRW),0601000002001103,CORN,US¢/bu,2026.03,2026-03-06,611.25,상승 28.5,상승 4.89%,224.6
wheat_srw,소맥(SRW),0601000002001103,CORN,US¢/bu,2026.03,2026-03-05,582.75,상승 16.0,상승 2.82%,214.12
wheat_srw,소맥(SRW),0601000002001103,CORN,US¢/bu,2026.03,2026-03-04,566.75,하락 5.5,하락 0.96%,208.24
wheat_srw,소맥(SRW),0601000002001103,CORN,US¢/bu,2026.03,2026-03-03,572.25,하락 2.25,하락 0.39%,210.27
wheat_srw,소맥(SRW),0601000002001103,CORN,US¢/bu,2026.03,2026-03-02,574.5,하락 16.75,하락 2.83%,211.09
wheat_srw,소맥(SRW),0601000002001103,CORN,US¢/bu,2026.03,2026-02-27,591.25,상승 19.5,상승 3.41%,217.25
wheat_srw,소맥(SRW),0601000002001103,CORN,US¢/bu,2026.03,2026-02-26,571.75,상승 6.0,상승 1.06%,210.08
wheat_srw,소맥(SRW),0601000002001103,CORN,US¢/bu,2026.03,2026-02-25,565.75,하락 1.75,하락 0.31%,207.88
wheat_srw,소맥(SRW),0601000002001103,CORN,US¢/bu,2026.03,2026-02-24,567.5,하락 2.0,하락 0.35%,208.52
wheat_srw,소맥(SRW),0601000002001103,CORN,US¢/bu,2026.03,2026-02-23,569.5,하락 4.0,하락 0.7%,209.26
wheat_srw,소맥(SRW),0601000002001103,CORN,US¢/bu,2026.03,2026-02-20,573.5,상승 14.0,상승 2.5%,210.73
wheat_srw,소맥(SRW),0601000002001103,CORN,US¢/bu,2026.03,2026-02-19,559.5,상승 12.5,상승 2.29%,205.58
wheat_srw,소맥(SRW),0601000002001103,CORN,US¢/bu,2026.03,2026-02-18,547.0,상승 9.25,상승 1.72%,200.99
wheat_srw,소맥(SRW),0601000002001103,CORN,US¢/bu,2026.03,2026-02-17,537.75,하락 11.0,하락 2.0%,197.59
wheat_srw,소맥(SRW),0601000002001103,CORN,US¢/bu,2026.03,2026-02-13,548.75,하락 3.75,하락 0.68%,201.63
wheat_srw,소맥(SRW),0601000002001103,CORN,US¢/bu,2026.03,2026-02-12,552.5,상승 15.25,상승 2.84%,203.01
wheat_srw,소맥(SRW),0601000002001103,CORN,US¢/bu,2026.03,2026-02-11,537.25,상승 9.0,상승 1.7%,197.41
wheat_srw,소맥(SRW),0601000002001103,CORN,US¢/bu,2026.03,2026-02-10,528.25,하락 0.5,하락 0.09%,194.1
wheat_srw,소맥(SRW),0601000002001103,CORN,US¢/bu,2026.03,2026-02-09,528.75,하락 1.0,하락 0.19%,194.28
wheat_srw,소맥(SRW),0601000002001103,CORN,US¢/bu,2026.03,2026-02-06,529.75,하락 5.5,하락 1.03%,194.65
wheat_srw,소맥(SRW),0601000002001103,CORN,US¢/bu,2026.03,2026-02-05,535.25,상승 8.5,상승 1.61%,196.67
wheat_srw,소맥(SRW),0601000002001103,CORN,US¢/bu,2026.03,2026-02-04,526.75,하락 2.0,하락 0.38%,193.55
wheat_srw,소맥(SRW),0601000002001103,CORN,US¢/bu,2026.03,2026-02-03,528.75,상승 1.0,상승 0.19%,194.28
wheat_srw,소맥(SRW),0601000002001103,CORN,US¢/bu,2026.03,2026-02-02,527.75,하락 10.25,하락 1.91%,193.91
wheat_srw,소맥(SRW),0601000002001103,CORN,US¢/bu,2026.03,2026-01-30,538.0,하락 3.5,하락 0.65%,197.68
wheat_srw,소맥(SRW),0601000002001103,CORN,US¢/bu,2026.03,2026-01-29,541.5,상승 5.5,상승 1.03%,198.97
wheat_srw,소맥(SRW),0601000002001103,CORN,US¢/bu,2026.03,2026-01-28,536.0,상승 12.75,상승 2.44%,196.95
wheat_srw,소맥(SRW),0601000002001103,CORN,US¢/bu,2026.03,2026-01-27,523.25,상승 0.75,상승 0.14%,192.26
wheat_srw,소맥(SRW),0601000002001103,CORN,US¢/bu,2026.03,2026-01-26,522.5,하락 7.0,하락 1.32%,191.99
wheat_srw,소맥(SRW),0601000002001103,CORN,US¢/bu,2026.03,2026-01-23,529.5,상승 14.0,상승 2.72%,194.56
wheat_srw,소맥(SRW),0601000002001103,CORN,US¢/bu,2026.03,2026-01-22,515.5,상승 7.75,상승 1.53%,189.41
wheat_srw,소맥(SRW),0601000002001103,CORN,US¢/bu,2026.03,2026-01-21,507.75,하락 2.5,하락 0.49%,186.57
wheat_srw,소맥(SRW),0601000002001103,CORN,US¢/bu,2026.03,2026-01-20,510.25,하락 7.75,하락 1.5%,187.48
wheat_srw,소맥(SRW),0601000002001103,CORN,US¢/bu,2026.03,2026-01-16,518.0,상승 7.5,상승 1.47%,190.33
wheat_srw,소맥(SRW),0601000002001103,CORN,US¢/bu,2026.03,2026-01-15,510.5,하락 2.0,하락 0.39%,187.58
wheat_srw,소맥(SRW),0601000002001103,CORN,US¢/bu,2026.03,2026-01-14,512.5,상승 2.0,상승 0.39%,188.31
wheat_srw,소맥(SRW),0601000002001103,CORN,US¢/bu,2026.03,2026-01-13,510.5,하락 0.75,하락 0.15%,187.58
wheat_srw,소맥(SRW),0601000002001103,CORN,US¢/bu,2026.03,2026-01-12,511.25,하락 6.0,하락 1.16%,187.85
wheat_srw,소맥(SRW),0601000002001103,CORN,US¢/bu,2026.03,2026-01-09,517.25,하락 0.75,하락 0.14%,190.06
wheat_srw,소맥(SRW),0601000002001103,CORN,US¢/bu,2026.03,2026-01-08,518.0,0.0,0.0%,190.33
wheat_srw,소맥(SRW),0601000002001103,CORN,US¢/bu,2026.03,2026-01-07,518.0,상승 7.5,상승 1.47%,190.33
wheat_srw,소맥(SRW),0601000002001103,CORN,US¢/bu,2026.03,2026-01-06,510.5,하락 2.0,하락 0.39%,187.58
wheat_srw,소맥(SRW),0601000002001103,CORN,US¢/bu,2026.03,2026-01-05,512.5,상승 6.0,상승 1.18%,188.31
wheat_srw,소맥(SRW),0601000002001103,CORN,US¢/bu,2026.03,2026-01-02,506.5,하락 0.5,하락 0.1%,186.11
wheat_srw,소맥(SRW),0601000002001103,CORN,US¢/bu,2026.03,2025-12-31,507.0,하락 3.75,하락 0.73%,186.29
wheat_srw,소맥(SRW),0601000002001103,CORN,US¢/bu,2026.03,2025-12-30,510.75,하락 2.25,하락 0.44%,187.67
wheat_srw,소맥(SRW),0601000002001103,CORN,US¢/bu,2026.03,2025-12-29,513.0,하락 6.0,하락 1.16%,188.5
wheat_srw,소맥(SRW),0601000002001103,CORN,US¢/bu,2026.03,2025-12-26,519.0,하락 2.75,하락 0.53%,190.7
wheat_srw,소맥(SRW),0601000002001103,CORN,US¢/bu,2026.03,2025-12-24,521.75,상승 4.75,상승 0.92%,191.71
wheat_srw,소맥(SRW),0601000002001103,CORN,US¢/bu,2026.03,2025-12-23,517.0,상승 1.5,상승 0.29%,189.96
wheat_srw,소맥(SRW),0601000002001103,CORN,US¢/bu,2026.03,2025-12-22,515.5,상승 5.75,상승 1.13%,189.41
wheat_srw,소맥(SRW),0601000002001103,CORN,US¢/bu,2026.03,2025-12-19,509.75,상승 2.0,상승 0.39%,187.3
wheat_srw,소맥(SRW),0601000002001103,CORN,US¢/bu,2026.03,2025-12-18,507.75,상승 1.5,상승 0.3%,186.57
wheat_srw,소맥(SRW),0601000002001103,CORN,US¢/bu,2026.03,2025-12-17,506.25,하락 3.25,하락 0.64%,186.01
wheat_srw,소맥(SRW),0601000002001103,CORN,US¢/bu,2026.03,2025-12-16,509.5,하락 11.25,하락 2.16%,187.21
wheat_srw,소맥(SRW),0601000002001103,CORN,US¢/bu,2026.03,2025-12-15,520.75,하락 13.75,하락 2.57%,191.34
wheat_srw,소맥(SRW),0601000002001103,CORN,US¢/bu,2025.12,2025-12-12,534.5,0.0,0.0%,196.4
wheat_srw,소맥(SRW),0601000002001103,CORN,US¢/bu,2025.12,2025-12-11,534.5,상승 3.25,상승 0.61%,196.4
wheat_srw,소맥(SRW),0601000002001103,CORN,US¢/bu,2025.12,2025-12-10,531.25,하락 5.0,하락 0.93%,195.2
wheat_srw,소맥(SRW),0601000002001103,CORN,US¢/bu,2025.12,2025-12-09,536.25,상승 0.25,상승 0.05%,197.04
wheat_srw,소맥(SRW),0601000002001103,CORN,US¢/bu,2025.12,2025-12-08,536.0,하락 1.5,하락 0.28%,196.95
wheat_srw,소맥(SRW),0601000002001103,CORN,US¢/bu,2025.12,2025-12-05,537.5,하락 3.5,하락 0.65%,197.5
wheat_srw,소맥(SRW),0601000002001103,CORN,US¢/bu,2025.12,2025-12-04,541.0,상승 3.25,상승 0.6%,198.78
wheat_srw,소맥(SRW),0601000002001103,CORN,US¢/bu,2025.12,2025-12-03,537.75,0.0,0.0%,197.59
wheat_srw,소맥(SRW),0601000002001103,CORN,US¢/bu,2025.12,2025-12-02,537.75,상승 7.5,상승 1.41%,197.59
wheat_srw,소맥(SRW),0601000002001103,CORN,US¢/bu,2025.12,2025-12-01,530.25,하락 0.75,하락 0.14%,194.83
wheat_srw,소맥(SRW),0601000002001103,CORN,US¢/bu,2025.12,2025-11-28,531.0,상승 2.0,상승 0.38%,195.11
wheat_srw,소맥(SRW),0601000002001103,CORN,US¢/bu,2025.12,2025-11-26,529.0,상승 1.75,상승 0.33%,194.37
wheat_srw,소맥(SRW),0601000002001103,CORN,US¢/bu,2025.12,2025-11-25,527.25,상승 5.0,상승 0.96%,193.73
wheat_srw,소맥(SRW),0601000002001103,CORN,US¢/bu,2025.12,2025-11-24,522.25,하락 4.75,하락 0.9%,191.89
wheat_srw,소맥(SRW),0601000002001103,CORN,US¢/bu,2025.12,2025-11-21,527.0,0.0,0.0%,193.64
wheat_srw,소맥(SRW),0601000002001103,CORN,US¢/bu,2025.12,2025-11-20,527.0,하락 9.75,하락 1.82%,193.64
wheat_srw,소맥(SRW),0601000002001103,CORN,US¢/bu,2025.12,2025-11-19,536.75,하락 9.75,하락 1.78%,197.22
wheat_srw,소맥(SRW),0601000002001103,CORN,US¢/bu,2025.12,2025-11-18,546.5,상승 2.25,상승 0.41%,200.8
wheat_srw,소맥(SRW),0601000002001103,CORN,US¢/bu,2025.12,2025-11-17,544.25,상승 17.0,상승 3.22%,199.98
wheat_srw,소맥(SRW),0601000002001103,CORN,US¢/bu,2025.12,2025-11-14,527.25,하락 8.5,하락 1.59%,193.73
wheat_srw,소맥(SRW),0601000002001103,CORN,US¢/bu,2025.12,2025-11-13,535.75,하락 0.25,하락 0.05%,196.85
wheat_srw,소맥(SRW),0601000002001103,CORN,US¢/bu,2025.12,2025-11-12,536.0,0.0,0.0%,196.95
wheat_srw,소맥(SRW),0601000002001103,CORN,US¢/bu,2025.12,2025-11-11,536.0,상승 0.25,상승 0.05%,196.95
wheat_srw,소맥(SRW),0601000002001103,CORN,US¢/bu,2025.12,2025-11-10,535.75,상승 8.0,상승 1.52%,196.85
wheat_srw,소맥(SRW),0601000002001103,CORN,US¢/bu,2025.12,2025-11-07,527.75,하락 7.75,하락 1.45%,193.91
wheat_srw,소맥(SRW),0601000002001103,CORN,US¢/bu,2025.12,2025-11-06,535.5,하락 19.25,하락 3.47%,196.76
wheat_srw,소맥(SRW),0601000002001103,CORN,US¢/bu,2025.12,2025-11-05,554.75,상승 4.5,상승 0.82%,203.84
wheat_srw,소맥(SRW),0601000002001103,CORN,US¢/bu,2025.12,2025-11-04,550.25,상승 6.75,상승 1.24%,202.18
wheat_srw,소맥(SRW),0601000002001103,CORN,US¢/bu,2025.12,2025-11-03,543.5,상승 9.5,상승 1.78%,199.7
wheat_srw,소맥(SRW),0601000002001103,CORN,US¢/bu,2025.12,2025-10-31,534.0,상승 9.75,상승 1.86%,196.21
wheat_srw,소맥(SRW),0601000002001103,CORN,US¢/bu,2025.12,2025-10-30,524.25,하락 8.0,하락 1.5%,192.63
wheat_srw,소맥(SRW),0601000002001103,CORN,US¢/bu,2025.12,2025-10-29,532.25,상승 3.25,상승 0.61%,195.57
wheat_srw,소맥(SRW),0601000002001103,CORN,US¢/bu,2025.12,2025-10-28,529.0,상승 3.0,상승 0.57%,194.37
wheat_srw,소맥(SRW),0601000002001103,CORN,US¢/bu,2025.12,2025-10-27,526.0,상승 13.5,상승 2.63%,193.27
wheat_srw,소맥(SRW),0601000002001103,CORN,US¢/bu,2025.12,2025-10-24,512.5,하락 0.5,하락 0.1%,188.31
wheat_srw,소맥(SRW),0601000002001103,CORN,US¢/bu,2025.12,2025-10-23,513.0,상승 9.25,상승 1.84%,188.5
wheat_srw,소맥(SRW),0601000002001103,CORN,US¢/bu,2025.12,2025-10-22,503.75,상승 3.5,상승 0.7%,185.1
wheat_srw,소맥(SRW),0601000002001103,CORN,US¢/bu,2025.12,2025-10-21,500.25,하락 4.5,하락 0.89%,183.81
wheat_srw,소맥(SRW),0601000002001103,CORN,US¢/bu,2025.12,2025-10-20,504.75,상승 1.0,상승 0.2%,185.46
wheat_srw,소맥(SRW),0601000002001103,CORN,US¢/bu,2025.12,2025-10-17,503.75,상승 1.25,상승 0.25%,185.1
wheat_srw,소맥(SRW),0601000002001103,CORN,US¢/bu,2025.12,2025-10-16,502.5,상승 3.75,상승 0.75%,184.64
wheat_srw,소맥(SRW),0601000002001103,CORN,US¢/bu,2025.12,2025-10-15,498.75,하락 1.5,하락 0.3%,183.26
wheat_srw,소맥(SRW),0601000002001103,CORN,US¢/bu,2025.12,2025-10-14,500.25,상승 3.5,상승 0.7%,183.81
wheat_srw,소맥(SRW),0601000002001103,CORN,US¢/bu,2025.12,2025-10-13,496.75,하락 1.75,하락 0.35%,182.52
wheat_srw,소맥(SRW),0601000002001103,CORN,US¢/bu,2025.12,2025-10-10,498.5,하락 8.0,하락 1.58%,183.17
wheat_srw,소맥(SRW),0601000002001103,CORN,US¢/bu,2025.12,2025-10-09,506.5,하락 0.75,하락 0.15%,186.11
wheat_srw,소맥(SRW),0601000002001103,CORN,US¢/bu,2025.12,2025-10-08,507.25,상승 0.5,상승 0.1%,186.38
wheat_srw,소맥(SRW),0601000002001103,CORN,US¢/bu,2025.12,2025-10-07,506.75,하락 6.0,하락 1.17%,186.2
wheat_srw,소맥(SRW),0601000002001103,CORN,US¢/bu,2025.12,2025-10-06,512.75,하락 2.5,하락 0.49%,188.4
wheat_srw,소맥(SRW),0601000002001103,CORN,US¢/bu,2025.12,2025-10-03,515.25,상승 0.5,상승 0.1%,189.32
wheat_srw,소맥(SRW),0601000002001103,CORN,US¢/bu,2025.12,2025-10-02,514.75,상승 5.5,상승 1.08%,189.14
wheat_srw,소맥(SRW),0601000002001103,CORN,US¢/bu,2025.12,2025-10-01,509.25,상승 1.25,상승 0.25%,187.12
wheat_srw,소맥(SRW),0601000002001103,CORN,US¢/bu,2025.12,2025-09-30,508.0,하락 11.5,하락 2.21%,186.66
wheat_srw,소맥(SRW),0601000002001103,CORN,US¢/bu,2025.12,2025-09-29,519.5,하락 0.25,하락 0.05%,190.88
wheat_srw,소맥(SRW),0601000002001103,CORN,US¢/bu,2025.12,2025-09-26,519.75,하락 7.25,하락 1.38%,190.98
wheat_srw,소맥(SRW),0601000002001103,CORN,US¢/bu,2025.12,2025-09-25,527.0,상승 7.5,상승 1.44%,193.64
wheat_srw,소맥(SRW),0601000002001103,CORN,US¢/bu,2025.12,2025-09-24,519.5,하락 1.0,하락 0.19%,190.88
wheat_srw,소맥(SRW),0601000002001103,CORN,US¢/bu,2025.12,2025-09-23,520.5,상승 9.75,상승 1.91%,191.25
wheat_srw,소맥(SRW),0601000002001103,CORN,US¢/bu,2025.12,2025-09-22,510.75,하락 11.75,하락 2.25%,187.67
wheat_srw,소맥(SRW),0601000002001103,CORN,US¢/bu,2025.12,2025-09-19,522.5,하락 1.75,하락 0.33%,191.99
wheat_srw,소맥(SRW),0601000002001103,CORN,US¢/bu,2025.12,2025-09-18,524.25,하락 4.0,하락 0.76%,192.63
wheat_srw,소맥(SRW),0601000002001103,CORN,US¢/bu,2025.12,2025-09-17,528.25,하락 5.75,하락 1.08%,194.1
wheat_srw,소맥(SRW),0601000002001103,CORN,US¢/bu,2025.12,2025-09-16,534.0,상승 9.0,상승 1.71%,196.21
wheat_srw,소맥(SRW),0601000002001103,CORN,US¢/bu,2025.12,2025-09-15,525.0,상승 22.0,상승 4.37%,192.9
wheat_srw,소맥(SRW),0601000002001103,CORN,US¢/bu,2025.09,2025-09-12,503.0,0.0,0.0%,184.82
wheat_srw,소맥(SRW),0601000002001103,CORN,US¢/bu,2025.09,2025-09-11,503.0,상승 8.0,상승 1.62%,184.82
wheat_srw,소맥(SRW),0601000002001103,CORN,US¢/bu,2025.09,2025-09-10,495.0,하락 5.75,하락 1.15%,181.88
wheat_srw,소맥(SRW),0601000002001103,CORN,US¢/bu,2025.09,2025-09-09,500.75,하락 4.75,하락 0.94%,183.99
wheat_srw,소맥(SRW),0601000002001103,CORN,US¢/bu,2025.09,2025-09-08,505.5,상승 4.5,상승 0.9%,185.74
wheat_srw,소맥(SRW),0601000002001103,CORN,US¢/bu,2025.09,2025-09-05,501.0,하락 1.25,하락 0.25%,184.09
wheat_srw,소맥(SRW),0601000002001103,CORN,US¢/bu,2025.09,2025-09-04,502.25,하락 1.75,하락 0.35%,184.55
wheat_srw,소맥(SRW),0601000002001103,CORN,US¢/bu,2025.09,2025-09-03,504.0,하락 9.0,하락 1.75%,185.19
wheat_srw,소맥(SRW),0601000002001103,CORN,US¢/bu,2025.09,2025-09-02,513.0,하락 5.0,하락 0.97%,188.5
wheat_srw,소맥(SRW),0601000002001103,CORN,US¢/bu,2025.09,2025-08-29,518.0,상승 7.75,상승 1.52%,190.33
wheat_srw,소맥(SRW),0601000002001103,CORN,US¢/bu,2025.09,2025-08-28,510.25,상승 8.0,상승 1.59%,187.48
wheat_srw,소맥(SRW),0601000002001103,CORN,US¢/bu,2025.09,2025-08-27,502.25,하락 7.25,하락 1.42%,184.55
wheat_srw,소맥(SRW),0601000002001103,CORN,US¢/bu,2025.09,2025-08-26,509.5,상승 2.75,상승 0.54%,187.21
wheat_srw,소맥(SRW),0601000002001103,CORN,US¢/bu,2025.09,2025-08-25,506.75,상승 2.0,상승 0.4%,186.2
wheat_srw,소맥(SRW),0601000002001103,CORN,US¢/bu,2025.09,2025-08-22,504.75,하락 2.25,하락 0.44%,185.46
wheat_srw,소맥(SRW),0601000002001103,CORN,US¢/bu,2025.09,2025-08-21,507.0,상승 1.5,상승 0.3%,186.29
wheat_srw,소맥(SRW),0601000002001103,CORN,US¢/bu,2025.09,2025-08-20,505.5,상승 7.0,상승 1.4%,185.74
wheat_srw,소맥(SRW),0601000002001103,CORN,US¢/bu,2025.09,2025-08-19,498.5,하락 4.25,하락 0.85%,183.17
wheat_srw,소맥(SRW),0601000002001103,CORN,US¢/bu,2025.09,2025-08-18,502.75,하락 3.75,하락 0.74%,184.73
wheat_srw,소맥(SRW),0601000002001103,CORN,US¢/bu,2025.09,2025-08-15,506.5,상승 3.0,상승 0.6%,186.11
wheat_srw,소맥(SRW),0601000002001103,CORN,US¢/bu,2025.09,2025-08-14,503.5,하락 3.75,하락 0.74%,185.0
wheat_srw,소맥(SRW),0601000002001103,CORN,US¢/bu,2025.09,2025-08-13,507.25,상승 2.25,상승 0.45%,186.38
wheat_srw,소맥(SRW),0601000002001103,CORN,US¢/bu,2025.09,2025-08-12,505.0,하락 10.0,하락 1.94%,185.56
wheat_srw,소맥(SRW),0601000002001103,CORN,US¢/bu,2025.09,2025-08-11,515.0,상승 0.5,상승 0.1%,189.23
wheat_srw,소맥(SRW),0601000002001103,CORN,US¢/bu,2025.09,2025-08-08,514.5,하락 3.75,하락 0.72%,189.05
wheat_srw,소맥(SRW),0601000002001103,CORN,US¢/bu,2025.09,2025-08-07,518.25,상승 9.75,상승 1.92%,190.42
wheat_srw,소맥(SRW),0601000002001103,CORN,US¢/bu,2025.09,2025-08-06,508.5,상승 0.25,상승 0.05%,186.84
wheat_srw,소맥(SRW),0601000002001103,CORN,US¢/bu,2025.09,2025-08-05,508.25,하락 8.5,하락 1.64%,186.75
wheat_srw,소맥(SRW),0601000002001103,CORN,US¢/bu,2025.09,2025-08-04,516.75,0.0,0.0%,189.87
wheat_srw,소맥(SRW),0601000002001103,CORN,US¢/bu,2025.09,2025-08-01,516.75,하락 6.5,하락 1.24%,189.87
