source_store_name,retailer_name,store_branch_name,row_count
(주)농협유통 대전점,(주)농협유통,대전점,642
(주)농협유통 부산점,(주)농협유통,부산점,694
(주)농협유통 양재점,(주)농협유통,양재점,711
(주)농협유통 창동점,(주)농협유통,창동점,706
(주)농협유통 청주점,(주)농협유통,청주점,677
(주)농협하나로유통 고양점,(주)농협하나로유통,고양점,684
(주)농협하나로유통 광주점,(주)농협하나로유통,광주점,646
(주)농협하나로유통 김해점,(주)농협하나로유통,김해점,689
(주)농협하나로유통 달성점,(주)농협하나로유통,달성점,596
(주)농협하나로유통 성남점,(주)농협하나로유통,성남점,688
(주)농협하나로유통 수원점,(주)농협하나로유통,수원점,758
(주)농협하나로유통 울산점,(주)농협하나로유통,울산점,676
CU(본사),CU,(본사),212
GS25(본사),GS25,(본사),226
GS더프레시강남대치점,GS더프레시,강남대치점,225
GS더프레시강릉입암점,GS더프레시,강릉입암점,225
GS더프레시강릉포남점,GS더프레시,강릉포남점,225
GS더프레시강서증미역점,GS더프레시,강서증미역점,225
GS더프레시개금점,GS더프레시,개금점,225
GS더프레시거제신현점,GS더프레시,거제신현점,225
GS더프레시경주현곡점,GS더프레시,경주현곡점,225
GS더프레시고양지축역점,GS더프레시,고양지축역점,225
GS더프레시광진화양점,GS더프레시,광진화양점,225
GS더프레시구월점,GS더프레시,구월점,225
GS더프레시구포점,GS더프레시,구포점,225
GS더프레시군포당정점,GS더프레시,군포당정점,225
GS더프레시김포감정점,GS더프레시,김포감정점,111
GS더프레시김포사우점,GS더프레시,김포사우점,225
GS더프레시김포한강자이점,GS더프레시,김포한강자이점,225
GS더프레시김해외동점,GS더프레시,김해외동점,225
GS더프레시낙성대점,GS더프레시,낙성대점,225
GS더프레시남양주별내점,GS더프레시,남양주별내점,225
GS더프레시능곡점,GS더프레시,능곡점,225
GS더프레시다대점,GS더프레시,다대점,225
GS더프레시당진송악점,GS더프레시,당진송악점,225
GS더프레시당진점,GS더프레시,당진점,225
GS더프레시대동점,GS더프레시,대동점,225
GS더프레시대방점,GS더프레시,대방점,225
GS더프레시대연혁신점,GS더프레시,대연혁신점,225
GS더프레시대전도마점,GS더프레시,대전도마점,225
GS더프레시도곡렉슬점,GS더프레시,도곡렉슬점,235
GS더프레시도청신도시점,GS더프레시,도청신도시점,225
GS더프레시동소문점,GS더프레시,동소문점,236
GS더프레시동작구청점,GS더프레시,동작구청점,225
GS더프레시동탄중앙점,GS더프레시,동탄중앙점,225
GS더프레시마산점,GS더프레시,마산점,144
GS더프레시마산회원점,GS더프레시,마산회원점,225
GS더프레시마포상암점,GS더프레시,마포상암점,238
GS더프레시만덕점,GS더프레시,만덕점,225
GS더프레시만수점,GS더프레시,만수점,225
GS더프레시명일점,GS더프레시,명일점,225
GS더프레시명장점,GS더프레시,명장점,225
GS더프레시명지국제점,GS더프레시,명지국제점,225
GS더프레시목감레이크점,GS더프레시,목감레이크점,225
GS더프레시목동13점,GS더프레시,목동13점,225
GS더프레시목동7점,GS더프레시,목동7점,236
GS더프레시문경점,GS더프레시,문경점,225
GS더프레시미래점,GS더프레시,미래점,225
GS더프레시방이점,GS더프레시,방이점,225
GS더프레시배곧신도시점,GS더프레시,배곧신도시점,225
GS더프레시본리점,GS더프레시,본리점,225
GS더프레시부산하버시티점,GS더프레시,부산하버시티점,225
GS더프레시부암점,GS더프레시,부암점,225
GS더프레시부평그랑힐스점,GS더프레시,부평그랑힐스점,225
GS더프레시부평산곡점,GS더프레시,부평산곡점,225
GS더프레시부평청천점,GS더프레시,부평청천점,225
GS더프레시북가좌점,GS더프레시,북가좌점,225
GS더프레시분당시범단지점,GS더프레시,분당시범단지점,225
GS더프레시상계점,GS더프레시,상계점,240
GS더프레시서인천점,GS더프레시,서인천점,225
GS더프레시서초점,GS더프레시,서초점,234
GS더프레시성북돈암점,GS더프레시,성북돈암점,225
GS더프레시세종아름점,GS더프레시,세종아름점,225
GS더프레시속초교동점,GS더프레시,속초교동점,225
GS더프레시송도그린워크점,GS더프레시,송도그린워크점,225
GS더프레시송파석촌호수점,GS더프레시,송파석촌호수점,225
GS더프레시송파위례점,GS더프레시,송파위례점,225
GS더프레시송파점,GS더프레시,송파점,225
GS더프레시수원망포점,GS더프레시,수원망포점,225
GS더프레시수원매탄점,GS더프레시,수원매탄점,360
GS더프레시수원아트리움점,GS더프레시,수원아트리움점,225
GS더프레시시흥은계점,GS더프레시,시흥은계점,225
GS더프레시신주례점,GS더프레시,신주례점,225
GS더프레시아산탕정점,GS더프레시,아산탕정점,189
GS더프레시안성점,GS더프레시,안성점,225
GS더프레시안양메가트리아점,GS더프레시,안양메가트리아점,225
GS더프레시양산가촌점,GS더프레시,양산가촌점,225
GS더프레시양산물금점,GS더프레시,양산물금점,225
GS더프레시양천신은점,GS더프레시,양천신은점,225
GS더프레시여의도점,GS더프레시,여의도점,225
GS더프레시연수점,GS더프레시,연수점,225
GS더프레시용인점,GS더프레시,용인점,225
GS더프레시용인포곡점,GS더프레시,용인포곡점,225
GS더프레시울산구영점,GS더프레시,울산구영점,225
GS더프레시울산천곡점,GS더프레시,울산천곡점,225
GS더프레시울산태화점,GS더프레시,울산태화점,225
GS더프레시원주점,GS더프레시,원주점,225
GS더프레시원주혁신점,GS더프레시,원주혁신점,225
GS더프레시위례중앙점,GS더프레시,위례중앙점,225
GS더프레시의왕오전점,GS더프레시,의왕오전점,225
GS더프레시의왕점,GS더프레시,의왕점,225
GS더프레시의정부민락점,GS더프레시,의정부민락점,225
GS더프레시인천동춘점,GS더프레시,인천동춘점,225
GS더프레시인천부개점,GS더프레시,인천부개점,225
GS더프레시인천삼산점,GS더프레시,인천삼산점,225
GS더프레시잠실장미점,GS더프레시,잠실장미점,225
GS더프레시잠실파크리오점,GS더프레시,잠실파크리오점,225
GS더프레시장유대청점,GS더프레시,장유대청점,225
GS더프레시장유점,GS더프레시,장유점,225
GS더프레시종로구기점,GS더프레시,종로구기점,225
GS더프레시종로평창점,GS더프레시,종로평창점,225
GS더프레시주례점,GS더프레시,주례점,225
GS더프레시죽곡점,GS더프레시,죽곡점,225
GS더프레시증평점,GS더프레시,증평점,225
GS더프레시진주신안점,GS더프레시,진주신안점,225
GS더프레시진주평거점,GS더프레시,진주평거점,225
GS더프레시진천점,GS더프레시,진천점,225
GS더프레시진해여좌점,GS더프레시,진해여좌점,225
GS더프레시진해풍호점,GS더프레시,진해풍호점,225
GS더프레시창원감계점,GS더프레시,창원감계점,225
GS더프레시천안두정점,GS더프레시,천안두정점,225
GS더프레시천안쌍용점,GS더프레시,천안쌍용점,225
GS더프레시천안점,GS더프레시,천안점,225
GS더프레시청주봉명점,GS더프레시,청주봉명점,225
GS더프레시청주용담점,GS더프레시,청주용담점,225
GS더프레시청주점,GS더프레시,청주점,225
GS더프레시초읍점,GS더프레시,초읍점,224
GS더프레시충주연수점,GS더프레시,충주연수점,225
GS더프레시충주용산점,GS더프레시,충주용산점,225
GS더프레시토월점,GS더프레시,토월점,225
GS더프레시파주청암점,GS더프레시,파주청암점,225
GS더프레시판교운중점,GS더프레시,판교운중점,231
GS더프레시포천점,GS더프레시,포천점,225
GS더프레시하남미사점,GS더프레시,하남미사점,225
GS더프레시하남점,GS더프레시,하남점,225
GS더프레시하안8점,GS더프레시,하안8점,225
GS더프레시학익점,GS더프레시,학익점,225
GS더프레시해운대마린점,GS더프레시,해운대마린점,225
GS더프레시행신점,GS더프레시,행신점,216
GS더프레시홍천점,GS더프레시,홍천점,225
GS더프레시화명점,GS더프레시,화명점,225
롯데슈퍼G고양삼송점,롯데슈퍼,G고양삼송점,502
롯데슈퍼G대림점,롯데슈퍼,G대림점,502
롯데슈퍼G마포점,롯데슈퍼,G마포점,502
롯데슈퍼G목동점,롯데슈퍼,G목동점,502
롯데슈퍼G방배점,롯데슈퍼,G방배점,500
롯데슈퍼G보라점,롯데슈퍼,G보라점,500
롯데슈퍼G복대2점,롯데슈퍼,G복대2점,502
롯데슈퍼G복대점,롯데슈퍼,G복대점,502
롯데슈퍼G부곡점,롯데슈퍼,G부곡점,496
롯데슈퍼G소사점,롯데슈퍼,G소사점,502
롯데슈퍼G속초점,롯데슈퍼,G속초점,500
롯데슈퍼G속초조양점,롯데슈퍼,G속초조양점,500
롯데슈퍼G수지점,롯데슈퍼,G수지점,503
롯데슈퍼G신곡점,롯데슈퍼,G신곡점,502
롯데슈퍼G운정점,롯데슈퍼,G운정점,502
롯데슈퍼G유진점,롯데슈퍼,G유진점,502
롯데슈퍼G은마점,롯데슈퍼,G은마점,500
롯데슈퍼G은평점,롯데슈퍼,G은평점,502
롯데슈퍼G전곡점,롯데슈퍼,G전곡점,502
롯데슈퍼G중동점,롯데슈퍼,G중동점,502
롯데슈퍼G철원점,롯데슈퍼,G철원점,502
롯데슈퍼G춘천점,롯데슈퍼,G춘천점,499
롯데슈퍼G홍제점,롯데슈퍼,G홍제점,502
롯데슈퍼G화곡점,롯데슈퍼,G화곡점,502
롯데슈퍼가락점,롯데슈퍼,가락점,500
롯데슈퍼개화산점,롯데슈퍼,개화산점,502
롯데슈퍼경주동천점,롯데슈퍼,경주동천점,479
롯데슈퍼경주용황점,롯데슈퍼,경주용황점,483
롯데슈퍼고양원흥점,롯데슈퍼,고양원흥점,502
롯데슈퍼공릉점,롯데슈퍼,공릉점,500
롯데슈퍼광명소하점,롯데슈퍼,광명소하점,502
롯데슈퍼광명일직점,롯데슈퍼,광명일직점,502
롯데슈퍼광명점,롯데슈퍼,광명점,502
롯데슈퍼광주도평점,롯데슈퍼,광주도평점,502
롯데슈퍼광주점,롯데슈퍼,광주점,482
롯데슈퍼광혜원점,롯데슈퍼,광혜원점,500
롯데슈퍼교문점,롯데슈퍼,교문점,500
롯데슈퍼길동점,롯데슈퍼,길동점,502
롯데슈퍼김포전원점,롯데슈퍼,김포전원점,502
롯데슈퍼김해율하2점,롯데슈퍼,김해율하2점,496
롯데슈퍼남가좌점,롯데슈퍼,남가좌점,503
롯데슈퍼남산점,롯데슈퍼,남산점,489
롯데슈퍼남양주도곡점,롯데슈퍼,남양주도곡점,500
롯데슈퍼남양주진접점,롯데슈퍼,남양주진접점,212
롯데슈퍼남양주호평점,롯데슈퍼,남양주호평점,500
롯데슈퍼남원점,롯데슈퍼,남원점,502
롯데슈퍼남현점,롯데슈퍼,남현점,500
롯데슈퍼녹양점,롯데슈퍼,녹양점,500
롯데슈퍼당리점,롯데슈퍼,당리점,497
롯데슈퍼당수점,롯데슈퍼,당수점,502
롯데슈퍼대구고산점,롯데슈퍼,대구고산점,502
롯데슈퍼대구대실점,롯데슈퍼,대구대실점,493
롯데슈퍼대구현풍점,롯데슈퍼,대구현풍점,488
롯데슈퍼대전둔산점,롯데슈퍼,대전둔산점,502
롯데슈퍼덕진점,롯데슈퍼,덕진점,502
롯데슈퍼동탄청계점,롯데슈퍼,동탄청계점,502
롯데슈퍼두암점,롯데슈퍼,두암점,502
롯데슈퍼두정2점,롯데슈퍼,두정2점,502
롯데슈퍼마포대흥점,롯데슈퍼,마포대흥점,503
롯데슈퍼망포역점,롯데슈퍼,망포역점,503
롯데슈퍼명지점,롯데슈퍼,명지점,488
롯데슈퍼목포용해점,롯데슈퍼,목포용해점,502
롯데슈퍼문흥점,롯데슈퍼,문흥점,502
롯데슈퍼반포2점,롯데슈퍼,반포2점,502
롯데슈퍼방학점,롯데슈퍼,방학점,502
롯데슈퍼방화점,롯데슈퍼,방화점,502
롯데슈퍼백석점,롯데슈퍼,백석점,500
롯데슈퍼범서점,롯데슈퍼,범서점,503
롯데슈퍼보령점,롯데슈퍼,보령점,208
롯데슈퍼복현점,롯데슈퍼,복현점,502
롯데슈퍼봉화산역점,롯데슈퍼,봉화산역점,502
롯데슈퍼부산남산점,롯데슈퍼,부산남산점,212
롯데슈퍼부산문현점,롯데슈퍼,부산문현점,493
롯데슈퍼부산연산점,롯데슈퍼,부산연산점,458
롯데슈퍼부산영도점,롯데슈퍼,부산영도점,503
롯데슈퍼부산학장점,롯데슈퍼,부산학장점,493
롯데슈퍼부산화명점,롯데슈퍼,부산화명점,493
롯데슈퍼분당서현점,롯데슈퍼,분당서현점,502
롯데슈퍼산본2동점,롯데슈퍼,산본2동점,500
롯데슈퍼산본피트인점,롯데슈퍼,산본피트인점,502
롯데슈퍼삼성점,롯데슈퍼,삼성점,500
롯데슈퍼삼천점,롯데슈퍼,삼천점,208
롯데슈퍼삼천포점,롯데슈퍼,삼천포점,476
롯데슈퍼상계11점,롯데슈퍼,상계11점,502
롯데슈퍼상계7동점,롯데슈퍼,상계7동점,500
롯데슈퍼상남점,롯데슈퍼,상남점,498
롯데슈퍼상록수점,롯데슈퍼,상록수점,174
롯데슈퍼서초3동점,롯데슈퍼,서초3동점,500
롯데슈퍼서초국제점,롯데슈퍼,서초국제점,496
롯데슈퍼성내점,롯데슈퍼,성내점,500
롯데슈퍼성주점,롯데슈퍼,성주점,482
롯데슈퍼세곡점,롯데슈퍼,세곡점,500
롯데슈퍼세교점,롯데슈퍼,세교점,500
롯데슈퍼세종고운점,롯데슈퍼,세종고운점,502
롯데슈퍼세종나성프레시점,롯데슈퍼,세종나성프레시점,502
롯데슈퍼송정점,롯데슈퍼,송정점,502
롯데슈퍼송파점,롯데슈퍼,송파점,488
롯데슈퍼수성점,롯데슈퍼,수성점,469
롯데슈퍼수지점,롯데슈퍼,수지점,115
롯데슈퍼시흥조남점,롯데슈퍼,시흥조남점,500
롯데슈퍼신도림점,롯데슈퍼,신도림점,38
롯데슈퍼신반포점,롯데슈퍼,신반포점,502
롯데슈퍼신부점,롯데슈퍼,신부점,502
롯데슈퍼신천점,롯데슈퍼,신천점,500
롯데슈퍼신현점,롯데슈퍼,신현점,502
롯데슈퍼쌍문점,롯데슈퍼,쌍문점,503
롯데슈퍼안산점,롯데슈퍼,안산점,500
롯데슈퍼안양점,롯데슈퍼,안양점,500
롯데슈퍼양산남부점,롯데슈퍼,양산남부점,493
롯데슈퍼언남점,롯데슈퍼,언남점,503
롯데슈퍼엑스포점,롯데슈퍼,엑스포점,502
롯데슈퍼여의점,롯데슈퍼,여의점,502
롯데슈퍼역촌점,롯데슈퍼,역촌점,294
롯데슈퍼연수점,롯데슈퍼,연수점,502
롯데슈퍼연수함박점,롯데슈퍼,연수함박점,498
롯데슈퍼영월점,롯데슈퍼,영월점,489
롯데슈퍼영주점,롯데슈퍼,영주점,483
롯데슈퍼오산점,롯데슈퍼,오산점,500
롯데슈퍼용인남사점,롯데슈퍼,용인남사점,397
롯데슈퍼용인동천점,롯데슈퍼,용인동천점,503
롯데슈퍼용인점,롯데슈퍼,용인점,503
롯데슈퍼우만점,롯데슈퍼,우만점,503
롯데슈퍼우장산점,롯데슈퍼,우장산점,502
롯데슈퍼원주점,롯데슈퍼,원주점,500
롯데슈퍼원효로점,롯데슈퍼,원효로점,503
롯데슈퍼월성점,롯데슈퍼,월성점,500
롯데슈퍼위례중앙점,롯데슈퍼,위례중앙점,500
롯데슈퍼율량점,롯데슈퍼,율량점,184
롯데슈퍼인계점,롯데슈퍼,인계점,503
롯데슈퍼인천동양점,롯데슈퍼,인천동양점,496
롯데슈퍼인천청라2점,롯데슈퍼,인천청라2점,294
롯데슈퍼인천청라점,롯데슈퍼,인천청라점,502
롯데슈퍼인후점,롯데슈퍼,인후점,502
롯데슈퍼일산점,롯데슈퍼,일산점,502
롯데슈퍼잠실3동점,롯데슈퍼,잠실3동점,498
롯데슈퍼잠원점,롯데슈퍼,잠원점,500
롯데슈퍼장락점,롯데슈퍼,장락점,483
롯데슈퍼장안점,롯데슈퍼,장안점,501
롯데슈퍼장위점,롯데슈퍼,장위점,502
롯데슈퍼전농점,롯데슈퍼,전농점,502
롯데슈퍼전북대점,롯데슈퍼,전북대점,502
롯데슈퍼정릉점,롯데슈퍼,정릉점,503
롯데슈퍼정자점,롯데슈퍼,정자점,503
롯데슈퍼중계역점,롯데슈퍼,중계역점,500
롯데슈퍼중계점,롯데슈퍼,중계점,502
롯데슈퍼중촌점,롯데슈퍼,중촌점,502
롯데슈퍼창동2점,롯데슈퍼,창동2점,502
롯데슈퍼창천점,롯데슈퍼,창천점,209
롯데슈퍼철산점,롯데슈퍼,철산점,500
롯데슈퍼칠곡중리점,롯데슈퍼,칠곡중리점,483
롯데슈퍼코엑스점,롯데슈퍼,코엑스점,500
롯데슈퍼탑동점,롯데슈퍼,탑동점,503
롯데슈퍼평창진부점,롯데슈퍼,평창진부점,500
롯데슈퍼평택점,롯데슈퍼,평택점,502
롯데슈퍼포천일동점,롯데슈퍼,포천일동점,502
롯데슈퍼포항장성점,롯데슈퍼,포항장성점,483
롯데슈퍼풍암점,롯데슈퍼,풍암점,502
롯데슈퍼프리미엄공덕점,롯데슈퍼,프리미엄공덕점,336
롯데슈퍼프리미엄기흥점,롯데슈퍼,프리미엄기흥점,502
롯데슈퍼프리미엄도곡점,롯데슈퍼,프리미엄도곡점,484
롯데슈퍼프리미엄서초점,롯데슈퍼,프리미엄서초점,502
롯데슈퍼프리미엄용호점,롯데슈퍼,프리미엄용호점,497
롯데슈퍼프리미엄일원점,롯데슈퍼,프리미엄일원점,500
롯데슈퍼프리미엄황금점,롯데슈퍼,프리미엄황금점,502
롯데슈퍼하당점,롯데슈퍼,하당점,502
롯데슈퍼한마음점,롯데슈퍼,한마음점,502
롯데슈퍼한빛점,롯데슈퍼,한빛점,502
롯데슈퍼합천점,롯데슈퍼,합천점,487
롯데슈퍼화성봉담점,롯데슈퍼,화성봉담점,503
롯데슈퍼회룡역점,롯데슈퍼,회룡역점,500
롯데슈퍼효자점,롯데슈퍼,효자점,502
세븐일레븐(본사),세븐일레븐,(본사),182
신세계백화점강남점,신세계백화점,강남점,366
신세계백화점광주신세계점,신세계백화점,광주신세계점,7
신세계백화점광주점,신세계백화점,광주점,57
신세계백화점본점,신세계백화점,본점,198
신세계백화점센텀시티점,신세계백화점,센텀시티점,426
신세계백화점영등포점,신세계백화점,영등포점,53
신세계백화점죽전점,신세계백화점,죽전점,652
이마트24(본사),이마트24,(본사),224
이마트가든5점,이마트,가든5점,588
이마트강릉점,이마트,강릉점,593
이마트검단점,이마트,검단점,615
이마트경기광주점,이마트,경기광주점,631
이마트경산점,이마트,경산점,584
이마트계양점,이마트,계양점,635
이마트고잔점,이마트,고잔점,645
이마트과천점,이마트,과천점,524
이마트광교점,이마트,광교점,631
이마트광명소하점,이마트,광명소하점,618
이마트광산점,이마트,광산점,562
이마트광주점,이마트,광주점,622
이마트구로점,이마트,구로점,605
이마트구미점,이마트,구미점,535
이마트군산점,이마트,군산점,611
이마트금정점,이마트,금정점,627
이마트김천점,이마트,김천점,488
이마트김포한강점,이마트,김포한강점,612
이마트김해점,이마트,김해점,600
이마트남양주점,이마트,남양주점,630
이마트남원점,이마트,남원점,424
이마트다산점,이마트,다산점,616
이마트대전터미널점,이마트,대전터미널점,638
이마트동구미점,이마트,동구미점,538
이마트동백점,이마트,동백점,547
이마트동인천점,이마트,동인천점,615
이마트동탄점,이마트,동탄점,607
이마트동해점,이마트,동해점,534
이마트둔산점,이마트,둔산점,573
이마트마산점,이마트,마산점,568
이마트마포점,이마트,마포점,582
이마트만촌점,이마트,만촌점,593
이마트명일점,이마트,명일점,546
이마트목동점,이마트,목동점,634
이마트목포점,이마트,목포점,573
이마트묵동점,이마트,묵동점,530
이마트문현점,이마트,문현점,566
이마트미아점,이마트,미아점,617
이마트반야월점,이마트,반야월점,541
이마트별내점,이마트,별내점,635
이마트보라점,이마트,보라점,503
이마트보령점,이마트,보령점,472
이마트봉선점,이마트,봉선점,613
이마트부천점,이마트,부천점,622
이마트분당점,이마트,분당점,572
이마트사상점,이마트,사상점,631
이마트사천점,이마트,사천점,426
이마트산본점,이마트,산본점,585
이마트상주점,이마트,상주점,469
이마트서귀포점,이마트,서귀포점,626
이마트서산점,이마트,서산점,597
이마트서수원점,이마트,서수원점,570
이마트성남점,이마트,성남점,590
이마트성서점,이마트,성서점,597
이마트세종점,이마트,세종점,559
이마트속초점,이마트,속초점,563
이마트수색점,이마트,수색점,512
이마트수서점,이마트,수서점,451
이마트수원점,이마트,수원점,659
이마트수지점,이마트,수지점,594
이마트순천점,이마트,순천점,562
이마트신도림점,이마트,신도림점,589
이마트신월점,이마트,신월점,334
이마트신제주점,이마트,신제주점,496
이마트신촌점,이마트,신촌점,353
이마트아산점,이마트,아산점,537
이마트안동점,이마트,안동점,547
이마트안성점,이마트,안성점,560
이마트안양점,이마트,안양점,615
이마트양산점,이마트,양산점,613
이마트양재점,이마트,양재점,597
이마트양주점,이마트,양주점,556
이마트에코시티점,이마트,에코시티점,162
이마트여수점,이마트,여수점,539
이마트여의도점,이마트,여의도점,575
이마트여주점,이마트,여주점,522
이마트역삼점,이마트,역삼점,559
이마트연수점,이마트,연수점,585
이마트연제점,이마트,연제점,632
이마트영등포점,이마트,영등포점,642
이마트영천점,이마트,영천점,412
이마트오산점,이마트,오산점,596
이마트왕십리점,이마트,왕십리점,619
이마트용산점,이마트,용산점,595
이마트용인점,이마트,용인점,562
이마트울산점,이마트,울산점,617
이마트원주점,이마트,원주점,607
이마트월계점,이마트,월계점,627
이마트월배점,이마트,월배점,594
이마트은평점,이마트,은평점,644
이마트의왕점,이마트,의왕점,534
이마트의정부점,이마트,의정부점,635
이마트이천점,이마트,이천점,617
이마트익산점,이마트,익산점,583
이마트일산점,이마트,일산점,535
이마트자양점,이마트,자양점,626
이마트전주점,이마트,전주점,552
이마트제주점,이마트,제주점,526
이마트제천점,이마트,제천점,617
이마트죽전점,이마트,죽전점,591
이마트중동점,이마트,중동점,574
이마트진접점,이마트,진접점,502
이마트진주점,이마트,진주점,583
이마트창동점,이마트,창동점,537
이마트창원점,이마트,창원점,580
이마트천안서북점,이마트,천안서북점,639
이마트천안점,이마트,천안점,639
이마트천안터미널점,이마트,천안터미널점,565
이마트천호점,이마트,천호점,580
이마트청계천점,이마트,청계천점,555
이마트청주점,이마트,청주점,621
이마트춘천점,이마트,춘천점,628
이마트충주점,이마트,충주점,587
이마트칠성점,이마트,칠성점,643
이마트태백점,이마트,태백점,532
이마트통영점,이마트,통영점,569
이마트파주운정점,이마트,파주운정점,563
이마트파주점,이마트,파주점,597
이마트평촌점,이마트,평촌점,596
이마트평택점,이마트,평택점,638
이마트포천점,이마트,포천점,504
이마트포항이동점,이마트,포항이동점,587
이마트포항점,이마트,포항점,629
이마트풍산점,이마트,풍산점,563
이마트하남점,이마트,하남점,640
이마트하월곡점,이마트,하월곡점,524
이마트해운대점,이마트,해운대점,628
이마트화성봉담점,이마트,화성봉담점,600
이마트화정점,이마트,화정점,554
이마트흥덕점,이마트,흥덕점,629
현대백화점대구점,현대백화점,대구점,564
현대백화점디큐브점,현대백화점,디큐브점,288
현대백화점목동점,현대백화점,목동점,636
현대백화점무역센터점,현대백화점,무역센터점,636
현대백화점미아점,현대백화점,미아점,614
현대백화점본점,현대백화점,본점,588
현대백화점부산점,현대백화점,부산점,564
현대백화점신촌점,현대백화점,신촌점,612
현대백화점울산동구점,현대백화점,울산동구점,564
현대백화점울산점,현대백화점,울산점,540
현대백화점중동점,현대백화점,중동점,660
현대백화점천호점,현대백화점,천호점,588
현대백화점충청점,현대백화점,충청점,564
현대백화점킨텍스점,현대백화점,킨텍스점,564
현대백화점판교점,현대백화점,판교점,561
