상품명,row_count
농심 새우깡(90g),11286
비비고 육개장(500g),11262
보노 콘스프(3개입),11255
참이슬 후레쉬(360ml),11248
옛날국수 소면(900g),11246
해찬들 사계절 쌈장(500g),11240
오뚜기 크림스프(80g),11228
진라면 순한맛(5개입),11228
맥심 티오피 마스터 라떼(275ml),11220
햇반 컵반 미역국밥(167g),11220
오뚜기 토마토 케찹(500g),11219
3분 쇠고기짜장(200g),11218
게토레이 레몬(600ml),11213
보노 포르치니버섯스프(3개입),11213
오뚜기 프레스코 스파게티(500g),11210
비비고 사골곰탕(500g),11202
동서현미녹차(100개입),11198
칸타타 프리미엄 라떼(275ml),11198
아이!깨끗해 항균폼 상큼한레몬향(250ml),11196
몬스터 에너지(355ml),11182
3분 쇠고기카레(200g),11173
진간장 금F3(860ml),11173
오뚜기 참기름(320ml),11171
해찬들 재래식 된장(1kg),11170
닥터유 에너지바(40g),11168
오뚜기 고소한 골드 마요네즈(500g),11167
크린랩(22cm x 50m),11163
백설 소면(900g),11162
청정원 순창 양념듬뿍 쌈장(500g),11160
참크래커(280g),11158
오리온 통아몬드 캔디(90g),11157
팔도 왕뚜껑(110g),11152
하선정 멸치액젓 골드(800g),11148
오뚜기 딸기잼(500g),11145
처음처럼(360ml),11144
농심 신라면 큰사발면(114g),11138
오뚜기 참깨라면 컵(110g),11138
오뚜기 황도(400g),11131
리엔 흑모비책크림염색 자연갈색(120g),11128
참이슬 오리지널(360ml),11127
오뚜기 사과식초(900ml),11125
스프라이트(1.5L),11120
햇반(210g),11117
해표 맑고 신선한 식용유(900ml),11109
크린랩(30cm x 50m),11098
백설 파스타(500g),11095
켈로그 콘푸로스트(600g),11070
아이시스(500ml),11059
해피바스 오리지널컬렉션 솝 라벤더 비누(4개),11050
청정원 스파게티(500g),11039
샘표 토장(900g),11020
맥심 모카골드 제로슈거(50개입),11003
햇반 컵반 철판제육덮밥(256g),11000
순창 재래식안심생된장(1kg),10936
카누 네스프레소 볼드다크로스트(57g),10891
엘라스틴 아르간오일 데미지 트리트먼트(300ml),10888
크린지퍼백(18cm x 20cm),10879
화이트 수퍼흡수 중형(36개입),10867
오뚜기 옛날 볶음참깨(200g),10851
자유시간(36g),10827
폰타나 이탈리아 캄파니아 스파게티(500g),10802
페리오 토탈7 오리지널(3개),10789
맥심 슈프림골드 커피믹스(170개입),10774
스타벅스 네스프레소 디카프 에스프레소 로스트(57g),10763
스타벅스 돌체구스토 하우스 블렌드(102g),10757
스타벅스 네스프레소 하우스 블렌드(57g),10724
투게더 오리지널 바닐라(900ml),10708
아이시스(2L),10707
디펜드 스타일 언더웨어 남성용 파워 대형(8개입),10701
좋은느낌 오리지널 울트라슬림 날개 중형(36개입),10684
일가집 비타 김밥단무지(400g),10675
서울장수생막걸리(750ml),10673
니베아 립 에센셜 케어(4.8g),10641
단팥이 가득 단팥빵(3개입),10559
오뚜기카레 순한맛(100g),10321
고메 바삭튀겨낸 통등심돈카츠(450g),10302
삼다수(500ml),10260
청정원 고소한 마요네즈(500g),10250
고소한옥수수 모닝롤(14개입),9909
오리온 초코파이(18개입),9848
롯데 미니꿀호떡(16개입),9838
삼다수(2L),9686
퍼실 파워젤 액체 겸용(2.7L),9375
메로나(75ml),9271
해찬들 100% 태양초 우리쌀 고추장(1kg),9193
켈로그 레드베리 에너지바(4개입),8577
동원 양반 전복죽(287.5g),8362
동원 양반 쇠고기죽(287.5g),8301
동원 퀴진 크리스피 돈까스 통등심(480g),8175
불가리스 사과(4개),8137
양조간장 501(500ml),8098
신라면(5개입),8097
안성탕면(5개입),8095
진라면 매운맛(5개입),8093
오리온 포카칩 오리지널(66g),8083
페브리즈 상쾌한향(370ml),8079
파워에이드 마운틴블라스트(600ml),8075
너구리(5개입),8069
리스테린 쿨민트(750ml),8063
열라면(5개입),8063
더 건강한 그릴후랑크(600g),8061
오뚜기 생와사비(43g),8050
하리보 골드베렌 젤리(250g),8044
백설 포도씨유(900ml),8036
백설 카놀라유(900ml),8029
동서 벌꿀(600g),8028
롯데 ABC 초코(187g),8028
백설 쇠고기 다시다(300g),8027
동원참치 라이트스탠다드(4캔),8018
미쟝센 퍼펙트 오리지널 세럼 샴푸(680ml),8017
델몬트 오렌지(1.5L),8016
햇반(6개입),8014
오뚜기 부침가루(1kg),8013
백설 고소함가득 참기름(320ml),8005
스팸 클래식(200g),7999
하선정 까나리액젓(800g),7999
옛날 자른당면(300g),7993
오뚜기 진한 쇠고기미역국밥(314g),7984
백설 5가지 재료 부침가루(1kg),7972
틈새라면(5개입),7970
카스 프레쉬(500ml),7969
백설 요리 올리고당(1.2kg),7964
크린롤백(25cm x 35cm),7964
청정원 서해안 까나리액젓 골드(750g),7963
비타500(10개입),7958
하선정 4무첨가 김밥단무지(370g),7954
메디안 치석 치약 오리지널(3개),7947
프릴 시크릿 오브 베이킹소다 퓨어레몬향(700ml),7934
3분 백세카레 약간 매운맛(200g),7929
트레비 탄산수 플레인(500ml),7920
오뚜기 콩기름(900ml),7915
해표 카놀라유(900ml),7911
오뚜기 옛날 물엿(1.2kg),7909
풀무원 통등심돈카츠(450g),7874
미쟝센 쉽고빠른거품염색 3N 흑갈색(80g),7863
몽쉘 생크림케이크 오리지널(408g),7862
유한락스 후레쉬(2L),7860
려 함빛 극손상앤영양 샴푸(480ml),7859
려 함빛 극손상앤영양 트리트먼트(300ml),7852
삼양라면(5개입),7847
에너자이저 맥스 AAA(4개입),7846
에스앤비 생와사비(43g),7843
롯데 목캔디 허브민트(217g),7828
청정원 카레여왕 구운마늘&양파(108g),7819
해피바스 정말 순한 바디밀크(400ml),7795
제주 위트 에일(500ml),7792
해표 포도씨유(900ml),7788
도브 뷰티 너리싱 바디워시(1L),7775
카스 프레쉬(6캔),7764
청정원 대나무숙성 멸치액젓(750g),7762
델몬트 후레쉬컷 슬라이스 파인애플(836g),7757
팬틴 극손상케어 트리트먼트(220ml),7752
도브 센스티브 스킨 바디워시(1L),7728
디펜드 스타일 언더웨어 여성용 파워 대형(8개입),7719
포테토칩 오리지날(125g),7707
햇반(3개입),7704
가그린 오리지널(750ml),7699
크리넥스 수앤수 라이언 물티슈 캡형(80매),7698
백설 자른 햇당면(300g),7677
알쿠니아 황도(840g),7647
포스트 콘푸라이트(600g),7613
에너자이저 맥스플러스 AA(4개입),7587
복음자리 딸기잼(380g),7577
2080 파워쉴드 블루더블민트(3개),7558
니베아 립 모이스춰 케어(4.8g),7557
쏘피 바디피트 볼록맞춤 중형(36개입),7473
백설 햄스빌 베이컨(330g),7467
한성 오징어젓갈(150g),7425
도브 센서티브 뷰티바(4개),7416
페리오 토탈7 칫솔 힘있는 미세모(4개),7391
롯데 핫식스(250ml),7384
해피홈 탄력아쿠아밴드 표준형(20매),7332
사조참치 살코기 안심따개(4캔),7272
썬 부탄가스(4개),7216
홈키파 수성 에어졸(500ml),7145
칠성사이다 제로(1.5L),7106
오뚜기 컵밥 제육덮밥(310g),7078
한성 낙지젓갈(150g),7075
매일유업 뼈로가는 칼슘치즈(270g),7041
존슨즈 베드타임 로션(500ml),7004
요플레 오리지널(4개),6943
코카콜라(1.8L),6940
카누 디카페인 아메리카노(30개입),6907
홈스타 락스와세제 후로랄파인(750ml),6896
듀라셀 울트라 알카라인 건전지 AA(4개입),6882
오뚜기밥(3개입),6862
듀라셀 울트라 알카라인 건전지 AAA(4개입),6852
미쟝센 퍼펙트 세럼 트리트먼트(330ml),6798
달콤한 베지밀 비(16팩),6760
맥스웰 하우스 오리지날(180개입),6718
액츠 퍼펙트 실내건조 겸용(3L),6717
청정원 김밥용 단무지(400g),6687
펩시콜라(1.8L),6665
드봉 스위트로즈(4개),6654
하림 참진 토종닭백숙(1.05kg),6649
에프킬라 에어로졸 무향(500ml),6635
오뚜기 등심돈까스(500g),6597
롯데 월드콘 바닐라(160ml),6549
자유시간(5개입),6539
맛있는라면(5개입),6529
닥터유 에너지바(4개입),6510
해표 순창궁 양념쌈장(500g),6507
정통 보름달(3개입),6494
백설 건강발효 사과식초(800ml),6490
돼지바(70ml),6427
국산콩두부 찌개용(380g),6393
CJ 행복한콩 안심아삭 콩나물(380g),6368
롯데 쉐푸드 등심 통돈까스(300g),6310
청정원 맛선생 국내산해물(250g),6254
삼립호떡 미니꿀호떡(16개입),6208
백설 햄스빌 두툼한 굿베이컨(340g),6152
홈스타 맥스프레쉬 욕실용(900ml),6127
달콤한 정통만쥬(10개입),6122
니베아 퍼펙트 선 세럼(90ml),6087
비비고 왕교자(1.12kg),6028
순창 100% 현미 태양초 찰고추장(1kg),6013
프렌치카페 카페믹스 스테비아(100개입),5991
풀무원 김밥단무지(400g),5965
행복한콩 찌개두부(300g),5834
롯데 빅가나 마일드(110g),5818
크리넥스 데코엔소프트 3겹(30롤),5704
빙그레 떡붕어 싸만코(150ml),5660
청정원 행복놀이터 동물복지 유정란(15개),5639
풀무원 새콤달콤 유부초밥(330g),5620
해태 바밤바(70ml),5537
해태 부라보콘 바닐라(160ml),5519
정통 크림빵(3개입),5456
비타파워(20개입),5429
CJ 동물복지 유정란(15개),5405
하이트 엑스트라 콜드(6캔),5384
오랄비 크로스액션(3개입),5366
CJ 가쓰오우동(4인),5318
청정원 진한 토마토 케찹(500g),5150
씨그램 탄산수 플레인(350ml),5064
프로쉴드 옐로우 면도날(4개),4989
오뚜기 카놀라유(900ml),4976
청정원 발사믹 드레싱(325g),4970
피죤 섬유유연제 핑크로즈(2.1L),4934
청정원 오리엔탈 드레싱(325g),4922
오뚜기 옛날 자른미역(50g),4826
컴배트 스피드 에어졸(500ml),4799
남양 17차 티백(80개입),4797
청정원 미원 맛소금(500g),4788
2080 오리지날 미세모(10개),4771
후르트텔라 요구르트향(100g),4770
빙그레 더단백 프로틴 드링크 초코(250ml),4747
오뚜기 옛날 미역(100g),4745
풀무원 동물복지 유정란(10개),4719
풀무원 동물복지 목초란(15개),4688
오뚜기 가벼운참치 더마일드(4캔),4671
크리넥스 클린케어 3겹(30롤),4668
정통크림빵(3개입),4660
움트리 생와사비(120g),4617
국순당 생막걸리(750ml),4535
1등급 다향 훈제오리(500g),4525
셀렉스 스포츠 웨이프로틴 초콜릿(330ml),4517
깨끗한나라 물티슈 캡형(70매*6개입),4503
동원 싱싱맛살 실속(500g),4473
바세린 데일리 선크림(50ml),4419
전G베이컨(200g),4378
Dole 파인애플 슬라이스(836g),4317
비비고 소고기미역국(500g),4198
드빈치 뼈가튼튼 고칼슘치즈(15매),4180
고메 크리스피 핫도그(400g),4137
순창 100% 현미 태양초 찰고추장(500g),4126
크리넥스 울트라클린 3겹(30롤),4123
무균무때 세정제 욕실용(900ml),4115
프렌치카페 카페믹스(220개입),4092
바로 먹는 그라브락스 연어(150g),4091
풀무원 평양냉면(4인),4091
항공직송 동원생연어(350g),4091
"콜리올리 깔끔하게 쓰는 1회용 패드(M, 100매)",4088
CJ 동치미물냉면(4인),4087
하이뮨 프로틴밸런스(16팩),4072
풀무원 얄피꽉찬 고기만두(800g),4054
라이프리 안심 언더웨어 일반용 대형(18개입),4045
오가니스트 히말라야 핑크솔트 바디워시 리프레싱 민트향(900g),4001
목초를 먹고 자란 건강한 닭이 낳은 달걀(15개),4000
롯데 드림카카오 82%(86g),3999
지퍼락 그립앤실 지퍼백 냉장 소형(50매),3992
미정당 쌀 국물떡볶이(401g),3991
오뚜기 옛날 육개장(300g),3978
깨수깡(160ml),3974
롯데 자일리톨 오리지날(100g),3967
풀무원 쌀 국물떡볶이(423g),3966
삼호어묵 안심얇은사각(400g),3948
카누 마일드 로스트 아메리카노(30개입),3938
아이비(309g),3929
미닛메이드 오렌지(1.5L),3926
삼다수(500ml*20개),3918
동원 초밥의달인 롤 유부초밥 고소한맛(254g),3917
CJ 햇반 스팸김치볶음밥(440g),3911
삼다수(2L*6개),3907
행복한콩 부침두부(300g),3907
대림선어묵 부산어묵 마당놀이(200g),3903
오뚜기밥(6개입),3887
농심 생생우동(1개입),3879
청정원 생와사비(40g),3874
해피바스 오리지널컬렉션 라벤더 바디워시(910g),3872
바리스타룰스 콜드브루 블랙(325ml),3858
풀무원 함흥 비빔냉면(2인),3856
크리넥스 마이비데 카카오 물티슈(40매),3855
떠먹는 불가리스 딸기(4개),3853
레드불 에너지 드링크(250ml),3847
크리넥스 안심물티슈 캡형(60매),3843
오뚜기 옛날 사골곰탕(350g),3838
청정원 카레여왕 비프카레(160g),3836
고메 크리스피 너겟(450g),3822
3M 스카치브라이트 물걸레청소포 표준형(20매),3801
깨끗한나라 순수 소프티 미용티슈(260매*6입),3801
3M 스카치브라이트 물걸레청소포 대형(20매),3798
오뚜기밥(210g),3797
옥수수 마가린(200g),3790
청정원 옛날식 짜장(180g),3789
목초를 먹고 자란 건강한 닭이 낳은 달걀(대란 15개),3775
풀무원 정통가쓰오우동(4인),3769
삼호 안심 부산어묵(400g),3767
오뚜기 맛있는 국물떡볶이(424g),3761
페브리즈 상쾌한향(900ml),3761
오가니스트 히말라야 핑크솔트 바디워시 리프레싱 민트향(865ml),3747
랩신 핸드워시 센서티브(250ml),3737
CJ 함흥 비빔냉면(2인),3731
하림 용가리치킨(450g),3709
이오(5개),3708
진로 와인(500ml),3670
피죤 습기제로(8개입),3665
그린핑거 촉촉한자연보습 베이비로션(320ml),3662
코디 키친타월(6롤),3660
오뚜기 크런치 치킨너겟(480g),3652
자연퐁 솔잎(490ml),3650
크리넥스 KF-AD 라이트핏 쿨마스크 대형(15매),3645
포카리스웨트(620ml),3645
려 우아채 멋내기새치크림 짙은 갈색(120g),3635
동원참치 라이트스탠다드(150g),3633
동원 낙지젓(180g),3620
종가 전라도 포기김치(2.8kg),3576
해표 꽃소금(1kg),3565
바이오 플레인 요거트(4개),3564
국순당 우국생(750ml),3561
쿤달 허니 앤 마카다미아 헤어 트리트먼트 베이비파우더향(718ml),3527
오리온 왕꿈틀이(67g),3477
동원 황도 슬라이스(400g),3475
온더바디 잉글리쉬 아이리스 바디워시(900g),3473
대림 게맛살 큰잔치(300g),3469
카누 돌체구스토 볼드다크로스트(112g),3461
코디 순백 3겹(30롤),3436
매일두유 99.9(12팩),3412
코디 내추럴 미용티슈(230매*6입),3412
삼립 미니꿀약과(500g),3395
하림 통가슴살 치킨너겟(500g),3387
지퍼락 그립앤실 지퍼백 냉장 중형(20매),3367
크린 종이호일(25cm*20m),3364
국산콩두부 부침용(380g),3343
닥터아토 손소독티슈(20매),3338
산양분유 시그니처 1단계(800g),3318
백설 그릴 비엔나(560g),3311
2080 파워쉴드 블루더블민트(120g),3307
밥이보약 DOG 튼튼한관절(2kg),3284
임페리얼 드림 XO 3단계(800g),3271
달콤한 삼육두유 B(16팩),3268
맥심 화이트골드 커피믹스(250개입),3242
농심 둥지냉면 동치미물냉면(4개입),3231
온더바디 로맨틱 아이리스향 바디워시(900ml),3227
농심 둥지냉면 비빔냉면(4개입),3225
의성마늘 한입슬라이스햄(60g),3225
크린랩 고무장갑 중(2세트),3225
의성마늘 빅그릴 비엔나(600g),3220
밥이보약 CAT 걱정없는 헤어볼(2kg),3218
맘마밀 안심이유식 녹황채소와 소고기(100g),3215
맘마밀 안심이유식 표고버섯과소고기(100g),3199
대한웰빙호일(25cm*30m),3191
동서 벌꿀(900g),3182
마미손 고무장갑 중(2세트),3178
지퍼락 지퍼백 냉장 중형(20매),3175
코디 해피퍼피 미용티슈(250매*6입),3175
처음먹는 단호박 퓨레(80g),3157
당찬진미 특등급(10kg),3150
크리넥스 내추럴소프트 미용티슈(270매*6입),3136
불릴필요없는 현미(2kg),3134
오뚜기 후랑크핫도그 오리지널(375g),3131
크리넥스 안심 키친타월(6롤),3118
한생 친정엄마 볶음참깨(500g),3118
잘풀리는집 깨끗한 순앤순 3겹(30롤),3093
탕종숙식빵(420g),3091
큐원 요리 올리고당(1.2kg),3079
"몰리스픽 반려견 패드(L, 45매)",3077
맥스 부탄가스(4개),3045
박카스맛 젤리(50g),3027
다우니 고농축 섬유유연제 프레시클린(2L),3021
유한락스 욕실청소용(1800ml),3009
고향만두(900g),2995
정성식품 백명란젓(300g),2977
대일밴드 혼합형(21매),2946
"몰리스 쉬야응가 3~4회용 패드(L, 35매)",2945
청오 유기농 발아 볶음참깨(200g),2919
김밥용 크래미(120g),2915
백설 콩기름(1.5L),2905
김천 금물쌀(10kg),2894
주부9단 프랑크소시지(900g),2891
청정원 전주 콩나물(400g),2885
하선정 까나리액젓(400g),2838
컨디션 헛개(100ml),2754
동원 카놀라유(850ml),2747
96시간 숙성 현미(1kg),2726
맥심 모카골드 마일드(200개입),2722
담미정 조청유과(200g),2661
해태 오예스(12개입),2660
키퍼스 시니어 안심패드 일자형(30개입),2651
스페셜K 오리지널(480g),2647
덴마크 짜지않은 치즈 오리지널(14매),2626
당진 해나루쌀 특등급(10kg),2618
경천 시골볶음참깨(230g),2595
담미정약과(200g),2572
스모크델리 훈제오리(500g),2534
청정원 서해안 까나리액젓 골드(250g),2526
얄피꽉찬 쌀물만두(1kg),2505
삼호어묵 정통어묵탕(336g),2498
CJ 주부초밥왕 롤 새콤달콤 유부초밥(229g),2440
풀무원 통새우 볶음밥(450g),2430
아이꼬야 맘스쿠킹 소고기와두부진밥(100g),2408
일품 해물라면(5개입),2406
양반 포기김치(1.9kg),2394
롯데 후라보노 오리지날(26g),2365
주부9단 불고기햄(300g),2311
항공직송 동원생연어(320g),2309
손잡이 크린백(35cm x 45cm),2294
주부9단 베이컨(180g),2273
크린랩 물걸레청소포 대형(30매),2256
크리넥스 수프림소프트 3겹 화장지(30롤),2249
샤프란 아우라 초고농축 섬유유연제 홀리데이판타지(2L),2236
바른고을 의성진쌀(10kg),2234
청정원 자유방목 동물복지 유정란(10개),2219
들기름 재래 도시락김(12팩),2212
뉴트로지나 립(2번들),2170
머거본 볶음땅콩(300g),2112
프리미엄 파타고니아 항공직송 생연어 필렛(500g),2108
대림선어묵 부산어묵 마당놀이(300g),2081
아이얌 아기밀 한우표고야채진밥(100g),2065
동원 포도씨유(850ml),2050
호정가 조청유과(200g),2031
닥터아토 트리플 히알루론 모이스춰 로션(310ml),2030
풀무원 얄피꽉찬 쌀물만두(1kg),1986
오로나민C(10개입),1984
불릴필요없는 병아리콩(2kg),1983
양반 들기름김 올리브김 복합기획(16봉),1957
테크 실내건조 액체세제(2.7L),1951
비비고 포기배추김치(2.6kg),1870
청정원 담백하고 건강한 베이컨(80g),1870
크리넥스 KF94 라이트핏 마스크 대형(8매),1860
정성식품 오징어젓(400g),1848
양반 들기름김 올리브김 복합기획(16팩),1847
핫브레이크 오리지널(45g),1839
풀무원 동물복지 목초란(10개),1827
더 탱글 마이구미(372.4g),1818
풀무원 올바른 핫도그(525g),1802
대왕님표 여주 진상미(10kg),1789
하기스 매직컴포트 대형 공용 팬티형 4단계(50매),1777
대한웰빙호일(30cm*30m),1764
임금님표 이천쌀 특등급(10kg),1750
풀무원 동물복지 목초란(대란 10개),1749
e-쿠킹호일(25cm*30m),1703
동원 그릴리 델리햄 김밥용(150g),1691
하기스 매직컴포트 특대형 공용 팬티형 5단계(42매),1691
하기스 매직컴포트 중형 공용 밴드형 3단계(72매),1690
더미식 김치콩나물국(350g),1676
폭신폭신 에그볼(400g),1665
한아름 땅콩소보루(10개입),1662
하림 동물복지 닭백숙(1.05kg),1661
친정엄마 매운 고춧가루(200g),1640
샤프란케어 은은한향(900ml),1595
120시간 숙성 팥(500g),1547
CJ 1+등급 건강란(대란 15개),1536
오뚜기 가쓰오사누끼우동(4인),1532
비비고 포기배추김치(3.3kg),1483
청정원 동물복지 청정유정란(15개),1469
좋은느낌 유기농순면커버 울트라슬림 날개 중형(36개입),1442
96시간 숙성 서리태(500g),1385
대왕님표 여주 진상미(4kg),1372
친정엄마 순한 고춧가루(200g),1362
바세린 립테라피 스틱 오리지널(4.8g),1341
철원 오대쌀(10kg),1269
스카트 물걸레청소포 베이직 표준형(30매),1101
니베아 선 페이스 영에이지 크림(50ml),962
롯데 자일리톨 오리지날(52g),828
테라(500ml),815
오뚜기 연와사비(35g),814
들기름 재래 도시락김(12봉),752
햇반 소프트밀 소고기죽(280g),744
하선정 멸치액젓 골드(400g),729
청정원 남해안 멸치액젓 골드(750g),707
햇반 소프트밀 전복죽(280g),699
하이트 엑스트라 콜드(500ml),694
작지만 진한 약콩(500g),679
백설 건강발효 현미식초(800ml),678
유한락스 레귤러(2L),678
청정원 물엿(1.2kg),668
엘라스틴 모로칸 아르간 오일 집중영양 샴푸(680ml),661
초정탄산수 플레인(500ml),648
식물성 마가린(200g),630
"무(줄기 없는 무, 1.5kg)",590
오뚜기 간편 북엇국(5개입),590
백설 구운소금(500g),588
아카페라 스위트아메리카노(240ml),588
오뚜기 간편 미역국(5개입),584
"양파(껍질 있는 망포장, 1.5kg)",557
여명808(140ml),548
대림선 신선한 김밥단무지(400g),543
배추(1.5~2kg),521
물먹는하마(3개입),519
프리미엄 쿠킹호일(25cm*30m),511
현미(3kg),494
PACE6 스타일 면도날(4개),455
쉬크 하이드로5 프리미엄 면도날(4개),452
케라시스 데미지 클리닉 오리지널 샴푸(750ml),436
키퍼스 언더웨어 타입 대형(14개입),417
스파크 분말세제(3kg),384
항균 트리오(973ml),371
풀무원 자른미역(50g),352
돼지고기 삼겹살(100g),327
"감자(껍질 있는 감자, 100g)",326
애호박,323
아름찬 3년숙성 국산 까나리액젓(1kg),321
"당근(흙당근, 100g)",320
아름찬 3년숙성 국산 멸치액젓(1kg),320
돼지고기 목살(100g),318
오이(백다다기),312
"마늘(깐마늘, 100g)",298
의성마늘 훈제오리 슬라이스(400g),297
"대파(흙대파, 500~800g)",293
사조참치 살코기 안심따개(150g),285
해표 물엿(1.2kg),285
적상추(100g),279
"고구마(껍질 있는 밤고구마, 100g)",272
네스카페 수프리모 골드 마일드 커피믹스(240개입),272
때가 쏙 비트 분말세제(6kg),264
양송이버섯(100g),263
스프레이피죤 보타닉 애플밤(490ml),262
피지오겔 DMT 마일드 립밤(4.2g),262
테크 베이킹소다(6kg),260
양배추,258
깻잎(100g),246
모나리자 프레시티지 3겹(30롤),240
시금치(250~400g),239
"고구마(껍질 있는 호박고구마, 100g)",236
풋고추(100g),234
"쇠고기 등심(1등급, 100g)",228
해피홈 멸균밴드 패턴 표준형(40매),226
케라시스 데미지 클리닉 오리지널 트리트먼트(300ml),220
메소드 주방세제 핑크(532ml),200
빅토리아 탄산수 플레인(500ml),187
오뚜기 옛날 볶음참깨(100g),185
CJ 목초 동물복지 유정란(대란 15개),182
대림 게맛살 큰잔치(216g),168
크리넥스 실크소프트 미용티슈(250매*6입),168
병아리콩(1.5kg),162
빅토리아 탄산수 레몬(500ml),159
"고등어(생물, 300~500g)",154
"쇠고기 불고기(1등급, 100g)",145
크리넥스 KF94 와이드핏 마스크 대형,143
"갈치(생물, 100g)",137
느타리버섯(100g),135
햇님마을 영양농산 태양초 고춧가루(1kg),133
오뚜기 가벼운참치 더마일드(135g),132
청정원 자유방목 동물복지 유정란(15개),132
닥터지 그린라이트 업 선 플러스(35ml),130
"오징어(생물, 200~300g)",127
"갈치(냉동, 100g)",123
앱솔루트 명작 3단계(800g),120
뉴케어 올프로틴 고소한맛(245ml),115
"오뚜기 맛있는 새우볶음밥(용기, 230g)",111
쉬크 하이드로5 베이직 센서티브 면도날(8개),100
쪽파(흙쪽파),100
흰다리새우(100g),93
풀무원 국산 홍고춧가루(200g),92
3M 후레쉬 스탠딩 슬라이드 지퍼백 중형(21cm x 16cm x 6cm),87
닥터지 브라이트닝 업 선 플러스(35ml),87
하이뮨 프로틴밸런스(190ml),85
잘풀리는집 데코 3겹(30롤),75
"쇠고기 등심(1+등급, 100g)",71
"오징어(냉동, 200~300g)",71
벨먼 포켓몬 UV 피카츄 선크림(50ml),67
참조기(200~400g),66
비타500 젤리(48g),59
"콜리올리 깔끔하게 쓰는 1회용 패드(L, 40매)",56
해표 완도미역(100g),55
"쇠고기 불고기(1+등급, 100g)",49
종가 국산 고춧가루 순한맛(200g),48
참 건강한 동물복지 닭백숙(1.19kg),48
풀무원 톡톡 포기김치(3.3kg),44
부세(200~400g),43
종가 국산 고춧가루 매운맛(200g),43
하선정 포기김치(2.5kg),39
풀무원 고칼슘 꼬마약과(200g),37
햇님마을 영양농산 태양초 고춧가루(250g),37
레디큐 드링크(100ml),36
하림 무항생제 영양란(25개),36
임금님표 이천쌀(4kg),33
벡셀 알카라인 건전지 AA(4개입),31
벡셀 알카라인 건전지 AAA(4개입),31
햇살드리 수향미(10kg),25
코디 포켓몬 물티슈 캡형(100매),22
머거본 알땅콩(135g),15
깨끗한나라 순수 시그니쳐 3겹(30롤),14
햇님마을 국산 청양 고춧가루(130g),13
샘표 맥아물엿(1.2kg),12
온뜨락 볶음참깨(200g),11
청정원 고소하고 바삭한 베이컨(1kg),11
마주앙 레드(750ml),10
노르웨이 생연어 필렛(250g),6
대하(100g),5
테크 베이킹소다 액체세제(3L),5
핫브레이크 미니(715g),5
평범한 패드(100매),4
마이밀 뉴프로틴 오리지널(16팩),3
모나리자 보타닉포레 프레스티지 3겹(30롤),2
순창궁 태양초 100% 우리햅쌀 태양초 고추장(1.8kg),2
크리넥스 순수소프트 3겹 화장지(30롤),2
불릴필요없는 발아 현미(2kg),1
아이오페 UV 쉴드 선 프로텍터(50ml),1
